,index,url,brand,name,price,discount_price,thumbnail,color,category
2333.0,0,https://store.musinsa.com/app/goods/533067,파르티멘토,Hair Line Stripe Shirts Sky,"39,000","29,900",https://image.msscdn.net/images/goods_img/20170404/533067/533067_4_500.jpg,3,shirt
2334.0,1,https://store.musinsa.com/app/goods/2024212,라퍼지스토어,시티보이 빅오버 옥스포드 셔츠_Neutral Gray,"47,000","42,000",https://image.msscdn.net/images/goods_img/20210708/2024212/2024212_2_500.jpg,3,shirt
2335.0,2,https://store.musinsa.com/app/goods/2093488,무신사 스탠다드,오버사이즈 옥스포드 셔츠 [그레이],"31,900",,https://image.msscdn.net/images/goods_img/20210827/2093488/2093488_2_500.jpg,3,shirt
2336.0,3,https://store.musinsa.com/app/goods/2315799,빈폴 멘,[ESSENTIAL] [SLIM] Unisex 애쉬 로고 자수 깅엄 체크 셔츠 (BC2164A034),"159,000",,https://image.msscdn.net/images/goods_img/20220119/2315799/2315799_1_500.jpg,3,shirt
2337.0,4,https://store.musinsa.com/app/goods/2313209,마리끌레르,린넨 포켓 셔츠 (MABBSH07M7),"39,000",,https://image.msscdn.net/images/goods_img/20220118/2313209/2313209_1_500.jpg,3,shirt
2338.0,5,https://store.musinsa.com/app/goods/728002,무신사 스탠다드,베이식 옥스포드 셔츠 [그레이],"24,900",,https://image.msscdn.net/images/goods_img/20180305/728002/728002_3_500.jpg,3,shirt
2339.0,6,https://store.musinsa.com/app/goods/2306536,리,트위치 로고 오버핏 옥스포드 셔츠 그레이,"74,000",,https://image.msscdn.net/images/goods_img/20220113/2306536/2306536_1_500.jpg,3,shirt
2340.0,7,https://store.musinsa.com/app/goods/2308840,빈폴 멘,[ESSENTIAL] [SLIM] Unisex 그레이 1도 스트라이프 셔츠 (BC2164A023),"159,000",,https://image.msscdn.net/images/goods_img/20220114/2308840/2308840_1_500.jpg,3,shirt
2341.0,8,https://store.musinsa.com/app/goods/2093490,무신사 스탠다드,스트라이프 오버사이즈 옥스포드 셔츠 [그레이 스트라이프],"31,900",,https://image.msscdn.net/images/goods_img/20210827/2093490/2093490_2_500.jpg,3,shirt
2342.0,9,https://store.musinsa.com/app/goods/2316199,비노블라,FINE SUIT SHIRTS - CHARCOAL,"175,000",,https://image.msscdn.net/images/goods_img/20220119/2316199/2316199_1_500.jpg,3,shirt
2343.0,10,https://store.musinsa.com/app/goods/2316216,비노블라,FINE SUIT SHIRTS - SEPIA,"175,000",,https://image.msscdn.net/images/goods_img/20220119/2316216/2316216_1_500.jpg,3,shirt
2344.0,11,https://store.musinsa.com/app/goods/1841244,토피,오버핏 옥스퍼드 셔츠 (GREY),"49,000","29,900",https://image.msscdn.net/images/goods_img/20210312/1841244/1841244_1_500.jpg,3,shirt
2345.0,12,https://store.musinsa.com/app/goods/2290338,파나컬트,오버핏 링클프리 히든 셔츠 - 민트 그레이,"39,000","24,000",https://image.msscdn.net/images/goods_img/20220104/2290338/2290338_1_500.jpg,3,shirt
2346.0,13,https://store.musinsa.com/app/goods/2290361,파나컬트,릴랙스핏 링클프리 셔츠 - 민트 그레이,"39,000","24,000",https://image.msscdn.net/images/goods_img/20220104/2290361/2290361_1_500.jpg,3,shirt
2347.0,14,https://store.musinsa.com/app/goods/2288755,익스파이어드걸,폼폼 탑 그레이,"65,000",,https://image.msscdn.net/images/goods_img/20220103/2288755/2288755_1_500.jpg,3,shirt
2348.0,15,https://store.musinsa.com/app/goods/2302001,리시드,프린팅 블라우스 [gray],"108,000",,https://image.msscdn.net/images/goods_img/20220111/2302001/2302001_1_500.jpg,3,shirt
2349.0,16,https://store.musinsa.com/app/goods/2299746,프로드셔츠,[레귤러] D-350 옥스퍼드 스트라이프 셔츠 (그레이),"98,000","88,200",https://image.msscdn.net/images/goods_img/20220110/2299746/2299746_1_500.jpg,3,shirt
2350.0,17,https://store.musinsa.com/app/goods/2286971,아노블리어,루즈핏 미니멀 레이온 셔츠 [그레이],"74,000","59,200",https://image.msscdn.net/images/goods_img/20211230/2286971/2286971_2_500.jpg,3,shirt
2351.0,18,https://store.musinsa.com/app/goods/559204,퍼스텝,피그먼트 루즈핏 반팔 셔츠 진회색 SMSS4079,"34,900",,https://image.msscdn.net/images/goods_img/20170518/559204/559204_4_500.jpg,3,shirt
2352.0,19,https://store.musinsa.com/app/goods/1473121,아노블리어,루즈핏 오픈카라 텐셀 린넨 셔츠 [그레이],"67,000","59,600",https://image.msscdn.net/images/goods_img/20200603/1473121/1473121_4_500.jpg,3,shirt
2353.0,20,https://store.musinsa.com/app/goods/2191913,어반드레스,이반 오버핏 울 체크 셔츠,"56,000","33,600",https://image.msscdn.net/images/goods_img/20211021/2191913/2191913_1_500.jpg,3,shirt
2354.0,21,https://store.musinsa.com/app/goods/2065649,마크 곤잘레스,엔젤 옥스포드 긴팔셔츠 그레이,"79,000","55,300",https://image.msscdn.net/images/goods_img/20210817/2065649/2065649_2_500.jpg,3,shirt
2355.0,22,https://store.musinsa.com/app/goods/1811225,프리즘웍스,OG OXFORD OVERSIZED SHIRT _ GRAY,"54,000","43,200",https://image.msscdn.net/images/goods_img/20210223/1811225/1811225_2_500.jpg,3,shirt
2356.0,23,https://store.musinsa.com/app/goods/2028343,무신사 스탠다드,오버사이즈 글렌 체크 셔츠 [그레이],"33,900","20,290",https://image.msscdn.net/images/goods_img/20210714/2028343/2028343_2_500.jpg,3,shirt
2357.0,24,https://store.musinsa.com/app/goods/1647927,어반드레스,체스 오버핏 울 체크 셔츠-그레이,"48,000","26,400",https://image.msscdn.net/images/goods_img/20201014/1647927/1647927_2_500.jpg,3,shirt
2358.0,25,https://store.musinsa.com/app/goods/1059931,무신사 스탠다드,시어서커 풀오버 셔츠 [화이트/그레이],"26,900",,https://image.msscdn.net/images/goods_img/20190530/1059931/1059931_2_500.jpg,3,shirt
2359.0,26,https://store.musinsa.com/app/goods/2236250,에잇세컨즈,그레이 깅엄체크 긴팔 셔츠_릴랙스핏 (251Y64GY53),"49,900","12,900",https://image.msscdn.net/images/goods_img/20211116/2236250/2236250_1_500.jpg,3,shirt
2360.0,27,https://store.musinsa.com/app/goods/2046512,필루미네이트,[리뉴얼]스테디 블레이즈 체크 셔츠-그레이,"43,000","30,100",https://image.msscdn.net/images/goods_img/20210802/2046512/2046512_1_500.jpg,3,shirt
2361.0,28,https://store.musinsa.com/app/goods/1967048,트릴리온,솔리드 투포켓 오버핏 반팔 셔츠 (GRAY),"46,000","39,000",https://image.msscdn.net/images/goods_img/20210525/1967048/1967048_1_500.jpg,3,shirt
2362.0,29,https://store.musinsa.com/app/goods/1202514,어반드레스,DIAGONAL OVERSIZED SHIRT GREY,"66,000","39,600",https://image.msscdn.net/images/goods_img/20191025/1202514/1202514_1_500.jpg,3,shirt
2363.0,30,https://store.musinsa.com/app/goods/2041162,다이아몬드 레이라,[헤비]체크 셔츠 S84 그라니트,"72,000","64,800",https://image.msscdn.net/images/goods_img/20210727/2041162/2041162_5_500.jpg,3,shirt
2364.0,31,https://store.musinsa.com/app/goods/1929148,파르티멘토,[처비] 롤업 셔츠 그레이쉬 블루,"57,100","39,900",https://image.msscdn.net/images/goods_img/20210429/1929148/1929148_1_500.jpg,3,shirt
2365.0,32,https://store.musinsa.com/app/goods/2146272,에잇세컨즈,그레이 스트라이프 옥스포드 셔츠_레귤러핏 (251964GY23),"35,900","19,900",https://image.msscdn.net/images/goods_img/20210924/2146272/2146272_1_500.jpg,3,shirt
2366.0,33,https://store.musinsa.com/app/goods/2098702,에잇세컨즈,애쉬 텐셀 코튼 셔츠_레귤러핏 (421964AY14),"39,900","12,900",https://image.msscdn.net/images/goods_img/20210830/2098702/2098702_1_500.jpg,3,shirt
2367.0,34,https://store.musinsa.com/app/goods/2253586,[클리어런스],유니섹스 베이직 울 셔츠 자켓 그레이,"112,000","29,900",https://image.msscdn.net/images/goods_img/20211201/2253586/2253586_1_500.jpg,3,shirt
2368.0,35,https://store.musinsa.com/app/goods/2047898,필루미네이트,시티보이 씬 스트라이프 셔츠-그레이,"45,000","24,750",https://image.msscdn.net/images/goods_img/20210803/2047898/2047898_3_500.jpg,3,shirt
2369.0,36,https://store.musinsa.com/app/goods/1618803,에스에스와이,버티컬 팁 베이직 셔츠 릴렉스드핏 그레이,"69,000","48,300",https://image.msscdn.net/images/goods_img/20200923/1618803/1618803_1_500.jpg,3,shirt
2370.0,37,https://store.musinsa.com/app/goods/2176661,에잇세컨즈,[특별사이즈] 애쉬 기모 긴팔 셔츠_릴랙스핏 (421X64AY24),"49,900","12,900",https://image.msscdn.net/images/goods_img/20211013/2176661/2176661_1_500.jpg,3,shirt
2371.0,38,https://store.musinsa.com/app/goods/2236233,에잇세컨즈,애쉬 체크 플란넬 긴팔 셔츠_릴랙스핏 (421X64LY14),"39,900","12,900",https://image.msscdn.net/images/goods_img/20211116/2236233/2236233_1_500.jpg,3,shirt
2372.0,39,https://store.musinsa.com/app/goods/1559245,더셔츠스튜디오,그레이 루즈핏 면혼방 옥스포드 버튼다운 셔츠,"21,800",,https://image.msscdn.net/images/goods_img/20200821/1559245/1559245_2_500.jpg,3,shirt
2373.0,40,https://store.musinsa.com/app/goods/2236241,에잇세컨즈,라이트 그레이 약브러쉬 와이드칼라 긴팔 셔츠_레귤러핏 (221Y64BY12),"39,900","19,900",https://image.msscdn.net/images/goods_img/20211116/2236241/2236241_1_500.jpg,3,shirt
2374.0,41,https://store.musinsa.com/app/goods/1059873,무신사 스탠다드,깅엄 체크 린넨 셔츠 [블랙],"34,900",,https://image.msscdn.net/images/goods_img/20190530/1059873/1059873_2_500.jpg,3,shirt
2375.0,42,https://store.musinsa.com/app/goods/1241724,비슬로우,OXFORD SHIRT GREY,"49,000","19,600",https://image.msscdn.net/images/goods_img/20191203/1241724/1241724_1_500.jpg,3,shirt
2376.0,43,https://store.musinsa.com/app/goods/1917355,예일,EMBROIDERY HANDSOME DAN SS SHIRT GRAY,"59,000","41,300",https://image.msscdn.net/images/goods_img/20210423/1917355/1917355_1_500.jpg,3,shirt
2377.0,44,https://store.musinsa.com/app/goods/2106142,브라운브레스,BB HEAVY SHIRTS - GREY,"99,000","69,300",https://image.msscdn.net/images/goods_img/20210902/2106142/2106142_2_500.jpg,3,shirt
2378.0,45,https://store.musinsa.com/app/goods/2089352,비슬로우,[스탠다드]21FW REGULAR COLLAR MINIMAL SHIRTS BLUE GREY,"49,000","34,300",https://image.msscdn.net/images/goods_img/20210826/2089352/2089352_3_500.jpg,3,shirt
2379.0,46,https://store.musinsa.com/app/goods/1584903,쟈니웨스트,PENT OVER.FIT SHIRTS (MUD GRAY),"42,000","39,900",https://image.msscdn.net/images/goods_img/20200904/1584903/1584903_1_500.jpg,3,shirt
2380.0,47,https://store.musinsa.com/app/goods/2070814,파르티멘토,오버사이즈 컴퍼터블 셔츠 그레이지,"44,600","35,900",https://image.msscdn.net/images/goods_img/20210819/2070814/2070814_1_500.jpg,3,shirt
2381.0,48,https://store.musinsa.com/app/goods/2144357,비슬로우,[슬로우보이X프리즘웍스]21FW OVERSIZED UTILITY SHIRT CHARCOAL,"89,000","62,300",https://image.msscdn.net/images/goods_img/20210924/2144357/2144357_3_500.jpg,3,shirt
2382.0,49,https://store.musinsa.com/app/goods/2036337,에잇세컨즈,애쉬 옥스포드 긴팔 셔츠_레귤러핏 (421864LY14),"29,900",,https://image.msscdn.net/images/goods_img/20210721/2036337/2036337_2_500.jpg,3,shirt
2383.0,50,https://store.musinsa.com/app/goods/1957642,프리즘웍스,OG POPLIN OVERSIZED SHIRT _ GRAY,"58,000","46,400",https://image.msscdn.net/images/goods_img/20210518/1957642/1957642_2_500.jpg,3,shirt
2384.0,51,https://store.musinsa.com/app/goods/2113595,트릴리온,솔리드 투포켓 오버핏 셔츠 (GRAY),"54,000","45,000",https://image.msscdn.net/images/goods_img/20210907/2113595/2113595_1_500.jpg,3,shirt
2385.0,52,https://store.musinsa.com/app/goods/1811018,드로우핏,가먼트 히든 오버 데님 셔츠 [GREY],"66,000","52,800",https://image.msscdn.net/images/goods_img/20210223/1811018/1811018_1_500.jpg,3,shirt
2386.0,53,https://store.musinsa.com/app/goods/2142498,유니폼브릿지,oxford bd shirts grey,"76,000",,https://image.msscdn.net/images/goods_img/20210923/2142498/2142498_1_500.jpg,3,shirt
2387.0,54,https://store.musinsa.com/app/goods/1036772,레이디 볼륨,Linen stripe shirt_gray,"44,000","30,800",https://image.msscdn.net/images/goods_img/20190507/1036772/1036772_1_500.jpg,3,shirt
2388.0,55,https://store.musinsa.com/app/goods/2043696,타미힐피거,포플린 레귤러핏 스트라이프 셔츠 (T12B6WSH080MT20AP),"149,000","104,300",https://image.msscdn.net/images/goods_img/20210729/2043696/2043696_1_500.jpg,3,shirt
2389.0,56,https://store.musinsa.com/app/goods/2107441,하이드아웃,컴포트 옥스포드 셔츠 (Grey Stripe),"89,000","62,300",https://image.msscdn.net/images/goods_img/20210903/2107441/2107441_1_500.jpg,3,shirt
2390.0,57,https://store.musinsa.com/app/goods/1561682,더셔츠스튜디오,그레이 루즈핏 나일론 스판 솔리드 셔츠,"21,800",,https://image.msscdn.net/images/goods_img/20200824/1561682/1561682_2_500.jpg,3,shirt
2391.0,58,https://store.musinsa.com/app/goods/1391332,무신사 스탠다드,스트라이프 오픈 칼라 쇼트 슬리브 셔츠 [그레이/화이트],"27,900","19,490",https://image.msscdn.net/images/goods_img/20200408/1391332/1391332_1_500.jpg,3,shirt
2392.0,59,https://store.musinsa.com/app/goods/2061753,굿라이프웍스,시티보이 에센셜 오버핏 스트라이프 셔츠 그레이,"49,000","34,200",https://image.msscdn.net/images/goods_img/20210812/2061753/2061753_5_500.jpg,3,shirt
2393.0,60,https://store.musinsa.com/app/goods/2141371,명제작소,루즈핏 빅퍼튼 셔츠 [그레이],"69,000","44,850",https://image.msscdn.net/images/goods_img/20210918/2141371/2141371_1_500.jpg,3,shirt
2394.0,61,https://store.musinsa.com/app/goods/2151041,헤지스,[HIS] 그레이 체크 플란넬 기모 셔츠 HZSH1D801G2,"129,000","89,010",https://image.msscdn.net/images/goods_img/20210928/2151041/2151041_2_500.jpg,3,shirt
2395.0,62,https://store.musinsa.com/app/goods/1684634,에씨드슬라이드,유니섹스 오버핏 기모 체크 셔츠[그레이],"46,200","32,400",https://image.msscdn.net/images/goods_img/20201110/1684634/1684634_2_500.jpg,3,shirt
2396.0,63,https://store.musinsa.com/app/goods/1815810,니티드,린넨 베이직 원포켓 셔츠 GREY,"53,300","37,300",https://image.msscdn.net/images/goods_img/20210225/1815810/1815810_13_500.jpg,3,shirt
2397.0,64,https://store.musinsa.com/app/goods/2102941,[클리어런스],포켓 로고 옥스퍼드 셔츠 [차콜],"52,000","14,900",https://image.msscdn.net/images/goods_img/20210901/2102941/2102941_1_500.jpg,3,shirt
2398.0,65,https://store.musinsa.com/app/goods/2221077,아이러니포르노 화이트라인,유니섹스 베이직 시티보이 세미 오버핏 셔츠 IRT080 챠콜,"57,000","19,900",https://image.msscdn.net/images/goods_img/20211106/2221077/2221077_1_500.jpg,3,shirt
2399.0,66,https://store.musinsa.com/app/goods/1596127,트립르센스,UNISEX SPREAD PATTERN OVER SHIRTS_BROWN,"64,800",,https://image.msscdn.net/images/goods_img/20200910/1596127/1596127_3_500.jpg,3,shirt
2400.0,67,https://store.musinsa.com/app/goods/1752792,리,스몰 트위치 로고 코튼 2PK 셔츠 라이트 그레이,"74,000","44,400",https://image.msscdn.net/images/goods_img/20210118/1752792/1752792_2_500.jpg,3,shirt
2401.0,68,https://store.musinsa.com/app/goods/2129548,그리너리 크리드,핀더 와이드 코듀로이 셔츠 그레이 / GMCJK04-1791FW21,"57,000","22,800",https://image.msscdn.net/images/goods_img/20210914/2129548/2129548_4_500.jpg,3,shirt
2402.0,69,https://store.musinsa.com/app/goods/1320343,필루미네이트,유니섹스 오버핏 쇼크 로고 셔츠-그레이,"54,000","27,000",https://image.msscdn.net/images/goods_img/20200224/1320343/1320343_2_500.jpg,3,shirt
2403.0,70,https://store.musinsa.com/app/goods/1830739,미나브,오가닉 코나 미니멀 셔츠 [스톤그레이],"66,000","59,400",https://image.msscdn.net/images/goods_img/20210305/1830739/1830739_2_500.jpg,3,shirt
2404.0,71,https://store.musinsa.com/app/goods/1826305,미나브,터키쉬 코튼 텐셀 셔츠 [스톤세이지],"65,000","48,750",https://image.msscdn.net/images/goods_img/20210304/1826305/1826305_8_500.jpg,3,shirt
2405.0,72,https://store.musinsa.com/app/goods/1960167,노드 아카이브,빅 보이 하프 셔츠 (캑터스 그레이),"86,000",,https://image.msscdn.net/images/goods_img/20210521/1960167/1960167_2_500.jpg,3,shirt
2406.0,73,https://store.musinsa.com/app/goods/2172336,타미힐피거,미니 멜란지 체크 셔츠 (T12B7WSH130MT20OG),"149,000","104,300",https://image.msscdn.net/images/goods_img/20211012/2172336/2172336_1_500.jpg,3,shirt
2407.0,74,https://store.musinsa.com/app/goods/1780696,테이크이지,버튼다운 옥스포드 루즈셔츠(그레이스트라이프),"67,000","36,800",https://image.msscdn.net/images/goods_img/20210205/1780696/1780696_2_500.jpg,3,shirt
2408.0,75,https://store.musinsa.com/app/goods/1353729,무신사 스탠다드,오픈 칼라 쇼트 슬리브 실키 셔츠 [그레이],"24,900",,https://image.msscdn.net/images/goods_img/20200316/1353729/1353729_1_500.jpg,3,shirt
2409.0,76,https://store.musinsa.com/app/goods/1846410,포스333,Double Button Pocket Shirt /Warm Grey,"69,000",,https://image.msscdn.net/images/goods_img/20210316/1846410/1846410_1_500.jpg,3,shirt
2410.0,77,https://store.musinsa.com/app/goods/2008362,밈더워드로브,RIVER 코튼 하프셔츠_Grey,"79,000",,https://image.msscdn.net/images/goods_img/20210624/2008362/2008362_1_500.jpg,3,shirt
2411.0,78,https://store.musinsa.com/app/goods/2072423,파츠,빅 옥스포드 셔츠 [그레이 스트라이프],"66,000","36,500",https://image.msscdn.net/images/goods_img/20210819/2072423/2072423_1_500.jpg,3,shirt
2412.0,79,https://store.musinsa.com/app/goods/2053373,에잇세컨즈,그레이 스트라이프 베이직 긴팔 셔츠_레귤러핏 (421864BY33),"35,900","12,900",https://image.msscdn.net/images/goods_img/20210809/2053373/2053373_3_500.jpg,3,shirt
2413.0,80,https://store.musinsa.com/app/goods/1863063,비슬로우,[오리지널스]21SS COMFY UTILITY 4 POCKET SHIRT GREY,"69,000","41,400",https://image.msscdn.net/images/goods_img/20210325/1863063/1863063_1_500.jpg,3,shirt
2414.0,81,https://store.musinsa.com/app/goods/1920475,유니폼브릿지,fatigue pocket short shirts grey,"89,000","71,000",https://image.msscdn.net/images/goods_img/20210426/1920475/1920475_1_500.jpg,3,shirt
2415.0,82,https://store.musinsa.com/app/goods/2255991,웬위윌,Wool Cuffs Sweatshirt (3colors),"86,000",,https://image.msscdn.net/images/goods_img/20211202/2255991/2255991_1_500.jpg,3,shirt
2416.0,83,https://store.musinsa.com/app/goods/2057503,테이크이지,빈티지 체크 오버셔츠(그레이),"67,000","40,200",https://image.msscdn.net/images/goods_img/20210811/2057503/2057503_1_500.jpg,3,shirt
2417.0,84,https://store.musinsa.com/app/goods/2017507,로우클래식,HOOK DRAPE BLOUSE - GREY,"198,000",,https://image.msscdn.net/images/goods_img/20210702/2017507/2017507_1_500.jpg,3,shirt
2418.0,85,https://store.musinsa.com/app/goods/2275219,타미힐피거,슬림 플렉스 옥스퍼드 셔츠 (T12C0WSH110MT3BDS),"149,000",,https://image.msscdn.net/images/goods_img/20211221/2275219/2275219_1_500.jpg,3,shirt
2419.0,86,https://store.musinsa.com/app/goods/2171518,네스티팜,피더스 로고 오버핏 워싱 셔츠 그레이,"79,000","39,500",https://image.msscdn.net/images/goods_img/20211010/2171518/2171518_1_500.jpg,3,shirt
2420.0,87,https://store.musinsa.com/app/goods/1359746,브이투,Special linen minimal shirt_gray,"37,000","25,900",https://image.msscdn.net/images/goods_img/20200319/1359746/1359746_1_500.jpg,3,shirt
2421.0,88,https://store.musinsa.com/app/goods/1558629,비슬로우,[스탠다드]20FW LOOSE FIT SHIRT GREY,"49,000","24,500",https://image.msscdn.net/images/goods_img/20200821/1558629/1558629_1_500.jpg,3,shirt
2422.0,89,https://store.musinsa.com/app/goods/1006522,베리베인,GRUNGE WASHING SHIRTS (GRAY),"29,000","27,550",https://image.msscdn.net/images/goods_img/20190405/1006522/1006522_1_500.jpg,3,shirt
2423.0,90,https://store.musinsa.com/app/goods/2314308,에잇세컨즈,레드 깅엄 체크 크롭 셔츠 (162164EY16),"39,900",,https://image.msscdn.net/images/goods_img/20220119/2314308/2314308_1_500.jpg,11,shirt
2424.0,91,https://store.musinsa.com/app/goods/2308274,스케이터락,SK8 타탄 체크 셔츠 레드,"54,000","38,880",https://image.msscdn.net/images/goods_img/20220114/2308274/2308274_1_500.jpg,11,shirt
2425.0,92,https://store.musinsa.com/app/goods/2316224,비노블라,WIDE RIB SHIRTS - BRICK,"158,000",,https://image.msscdn.net/images/goods_img/20220119/2316224/2316224_1_500.jpg,11,shirt
2426.0,93,https://store.musinsa.com/app/goods/115327,제로,Tartan Check Shirts [Red],"49,000","24,500",https://image.msscdn.net/images/goods_img/20140814/115327/115327_2_500.jpg,11,shirt
2427.0,94,https://store.musinsa.com/app/goods/970309,[클리어런스],화이트 라인 체크 셔츠_레드,"49,900","11,900",https://image.msscdn.net/images/goods_img/20190304/970309/970309_1_500.jpg,11,shirt
2428.0,95,https://store.musinsa.com/app/goods/2035815,에잇세컨즈,레드 패턴 블라우스 (161865EYA6),"39,900","12,900",https://image.msscdn.net/images/goods_img/20210721/2035815/2035815_2_500.jpg,11,shirt
2429.0,96,https://store.musinsa.com/app/goods/2184316,굿라이프웍스,블러드울프 오버핏 체크셔츠 레드,"49,000","39,200",https://image.msscdn.net/images/goods_img/20211018/2184316/2184316_1_500.jpg,11,shirt
2430.0,97,https://store.musinsa.com/app/goods/2175112,어반드레스,티탄 오버핏 체크 셔츠 레드,"48,000","19,200",https://image.msscdn.net/images/goods_img/20211013/2175112/2175112_1_500.jpg,11,shirt
2431.0,98,https://store.musinsa.com/app/goods/1642964,[클리어런스],브런즈 윅 코듀로이 셔츠 (캐럽 레드),"99,000","28,900",https://image.msscdn.net/images/goods_img/20201012/1642964/1642964_1_500.jpg,11,shirt
2432.0,99,https://store.musinsa.com/app/goods/577581,플레어업,[사은품 증정] 데님 오버핏 긴팔 셔츠 - 라이트 데님 (FU-118),"65,000",,https://image.msscdn.net/images/goods_img/20170615/577581/577581_4_500.jpg,11,shirt
2433.0,100,https://store.musinsa.com/app/goods/725644,프룻오브더룸,L/S 1PK CHECK SHIRTS RED,"38,900","11,900",https://image.msscdn.net/images/goods_img/20180228/725644/725644_2_500.jpg,11,shirt
2434.0,101,https://store.musinsa.com/app/goods/1618231,시디스콤마,OVER HAEVY SH(RED),"89,000","15,900",https://image.msscdn.net/images/goods_img/20200923/1618231/1618231_2_500.jpg,11,shirt
2435.0,102,https://store.musinsa.com/app/goods/1151671,세인트페인,SP 플란넬 체크 셔츠-레드,"42,000","16,800",https://image.msscdn.net/images/goods_img/20190911/1151671/1151671_2_500.jpg,11,shirt
2436.0,103,https://store.musinsa.com/app/goods/1773191,필루미네이트,오버핏 프리크 체크 셔츠-레드,"43,000","21,500",https://image.msscdn.net/images/goods_img/20210202/1773191/1773191_3_500.jpg,11,shirt
2437.0,104,https://store.musinsa.com/app/goods/1175372,이모션플래닛,하프 엔 하프 체크 플란넬 셔츠 (레드),"72,000","32,400",https://image.msscdn.net/images/goods_img/20191002/1175372/1175372_2_500.jpg,11,shirt
2438.0,105,https://store.musinsa.com/app/goods/2221063,아이러니포르노 화이트라인,유니섹스 베이직 시티보이 세미오버핏 셔츠 IRT080 레드,"57,000","19,900",https://image.msscdn.net/images/goods_img/20211106/2221063/2221063_1_500.jpg,11,shirt
2439.0,106,https://store.musinsa.com/app/goods/1152874,마크메이트,[F/W신상]어드밴스 딥레드 세미 오버핏 체크셔츠_MKSH-GHI,"42,000","33,600",https://image.msscdn.net/images/goods_img/20190911/1152874/1152874_1_500.jpg,11,shirt
2440.0,107,https://store.musinsa.com/app/goods/302455,언더에어,Basic Tartan Check Shirts - Black/Red,"42,000","25,200",https://image.msscdn.net/images/goods_img/20160129/302455/302455_3_500.jpg,11,shirt
2441.0,108,https://store.musinsa.com/app/goods/1561598,레이디 볼륨,[ 남/여] OVERFIT VINTAGE CHECK SHIRT_RED,"44,000","33,000",https://image.msscdn.net/images/goods_img/20200824/1561598/1561598_1_500.jpg,11,shirt
2442.0,109,https://store.musinsa.com/app/goods/1809708,[클리어런스],.[SEST X ALLIOWN] S/T CHECK SHIRT - RED,"79,000","23,900",https://image.msscdn.net/images/goods_img/20210223/1809708/1809708_1_500.jpg,11,shirt
2443.0,110,https://store.musinsa.com/app/goods/942444,티아즈,[UNISEX] 노스텔지어 체크셔츠 (레드),"57,000","39,900",https://image.msscdn.net/images/goods_img/20190129/942444/942444_1_500.jpg,11,shirt
2444.0,111,https://store.musinsa.com/app/goods/2068254,폴로 랄프 로렌,커스텀핏 가먼트 다이 옥스포드 셔츠 - 레드,"179,000",,https://image.msscdn.net/images/goods_img/20210818/2068254/2068254_3_500.jpg,11,shirt
2445.0,112,https://store.musinsa.com/app/goods/1581109,객,CROP CHECK SHIRTS tartan,"59,000","29,500",https://image.msscdn.net/images/goods_img/20200903/1581109/1581109_2_500.jpg,11,shirt
2446.0,113,https://store.musinsa.com/app/goods/1783495,언더톤즈,페이즐리 오픈 칼라 셔츠 [레드],"59,000","29,400",https://image.msscdn.net/images/goods_img/20210208/1783495/1783495_1_500.jpg,11,shirt
2447.0,114,https://store.musinsa.com/app/goods/533136,아파트먼트,Broken Usual Shirts - Red,"63,000","25,200",https://image.msscdn.net/images/goods_img/20170404/533136/533136_2_500.jpg,11,shirt
2448.0,115,https://store.musinsa.com/app/goods/968212,굿라이프웍스,스탠다드핏 스트라이프 코튼 셔츠  - 와인,"39,800",,https://image.msscdn.net/images/goods_img/20190227/968212/968212_3_500.jpg,11,shirt
2449.0,116,https://store.musinsa.com/app/goods/419391,언더에어,Oversize Shirts Banessa - Red - Air zero,"39,000","27,300",https://image.msscdn.net/images/goods_img/20160927/419391/419391_1_500.jpg,11,shirt
2450.0,117,https://store.musinsa.com/app/goods/986352,[클리어런스],Scene Shirts - Red,"39,000","10,900",https://image.msscdn.net/images/goods_img/20190318/986352/986352_1_500.jpg,11,shirt
2451.0,118,https://store.musinsa.com/app/goods/625789,[클리어런스],Soul Work Shirts - Red,"53,300","15,900",https://image.msscdn.net/images/goods_img/20170906/625789/625789_1_500.jpg,11,shirt
2452.0,119,https://store.musinsa.com/app/goods/438882,데이오프,Ombre Check Shirt Red,"52,000","15,600",https://image.msscdn.net/images/goods_img/20161031/438882/438882_2_500.jpg,11,shirt
2453.0,120,https://store.musinsa.com/app/goods/1593964,어텐션로우,파리즈 체크 오버핏 셔츠 (레드),"125,000","75,000",https://image.msscdn.net/images/goods_img/20200909/1593964/1593964_1_500.jpg,11,shirt
2454.0,121,https://store.musinsa.com/app/goods/1767317,타게토,체크 후드 셔츠_레드,"72,000","36,000",https://image.msscdn.net/images/goods_img/20210128/1767317/1767317_1_500.jpg,11,shirt
2455.0,122,https://store.musinsa.com/app/goods/2035823,에잇세컨즈,레드 패턴 셔링 블라우스 (161865EYB6),"39,900","19,900",https://image.msscdn.net/images/goods_img/20210721/2035823/2035823_2_500.jpg,11,shirt
2456.0,123,https://store.musinsa.com/app/goods/986368,[클리어런스],Endormi Shirts - Red,"39,000","10,900",https://image.msscdn.net/images/goods_img/20190318/986368/986368_1_500.jpg,11,shirt
2457.0,124,https://store.musinsa.com/app/goods/1893370,[클리어런스],SQUARE NECK FRILL CHECK BLOUSE RED,"44,000","12,900",https://image.msscdn.net/images/goods_img/20210412/1893370/1893370_2_500.jpg,11,shirt
2458.0,125,https://store.musinsa.com/app/goods/2184352,에이소프,QUILTED PLAID SHIRT JACKET - RED/BLACK,"109,000","87,200",https://image.msscdn.net/images/goods_img/20211018/2184352/2184352_1_500.png,11,shirt
2459.0,126,https://store.musinsa.com/app/goods/1686489,프리즘웍스,HEAVY FLANNEL BLOCK SHIRT _ RED,"98,000","58,800",https://image.msscdn.net/images/goods_img/20201111/1686489/1686489_1_500.jpg,11,shirt
2460.0,127,https://store.musinsa.com/app/goods/1804213,레이디 볼륨,[패키지] OVERFIT VINTAGE CHECK SHIRT,"88,000","70,400",https://image.msscdn.net/images/goods_img/20210219/1804213/1804213_2_500.jpg,11,shirt
2461.0,128,https://store.musinsa.com/app/goods/600706,언더에어,Star Struck Shirts,"39,000","27,300",https://image.msscdn.net/images/goods_img/20170809/600706/600706_1_500.jpg,11,shirt
2462.0,129,https://store.musinsa.com/app/goods/1833618,브이투,OVERFIT CHECK BANDING SHIRT_RED,"49,500","24,750",https://image.msscdn.net/images/goods_img/20210309/1833618/1833618_1_500.jpg,11,shirt
2463.0,130,https://store.musinsa.com/app/goods/986325,[클리어런스],Printemps Shirts - Red,"39,000","10,900",https://image.msscdn.net/images/goods_img/20190318/986325/986325_1_500.jpg,11,shirt
2464.0,131,https://store.musinsa.com/app/goods/1151676,세인트페인,SP 미니멀 체크 셔츠-레드,"42,000","16,800",https://image.msscdn.net/images/goods_img/20190911/1151676/1151676_1_500.jpg,11,shirt
2465.0,132,https://store.musinsa.com/app/goods/1241460,코너스,체크긴팔셔츠 KSL7904_RD,"183,000","18,000",https://image.msscdn.net/images/goods_img/20191202/1241460/1241460_1_500.jpg,11,shirt
2466.0,133,https://store.musinsa.com/app/goods/595987,언더에어,California Dream Shirts - Red,"59,900","29,950",https://image.msscdn.net/images/goods_img/20170801/595987/595987_2_500.jpg,11,shirt
2467.0,134,https://store.musinsa.com/app/goods/874527,제이앤몰스,더스퀘어 레드 체크셔츠_1809_031,"34,000",,https://image.msscdn.net/images/goods_img/20181006/874527/874527_1_500.jpg,11,shirt
2468.0,135,https://store.musinsa.com/app/goods/2070636,더블알엘,플래드 트윌 워크셔츠 - 레드,"289,000",,https://image.msscdn.net/images/goods_img/20210819/2070636/2070636_1_500.jpg,11,shirt
2469.0,136,https://store.musinsa.com/app/goods/1894511,너드온더스트릿,C_OVER FIT CHECK SHIRTS N_8200 RED,"69,000","20,700",https://image.msscdn.net/images/goods_img/20210412/1894511/1894511_1_500.jpg,11,shirt
2470.0,137,https://store.musinsa.com/app/goods/1309240,[클리어런스],Minimal line check shirt_red,"55,000","9,900",https://image.msscdn.net/images/goods_img/20200218/1309240/1309240_1_500.jpg,11,shirt
2471.0,138,https://store.musinsa.com/app/goods/845624,오알오알,버건디 체크 아우터셔츠 R1-026,"69,000","41,400",https://image.msscdn.net/images/goods_img/20180903/845624/845624_1_500.jpg,11,shirt
2472.0,139,https://store.musinsa.com/app/goods/1623561,[클리어런스],HILBERK SHIRTS - RED,"67,000","19,900",https://image.msscdn.net/images/goods_img/20200924/1623561/1623561_1_500.jpg,11,shirt
2473.0,140,https://store.musinsa.com/app/goods/2149187,티알마크,오버핏 체크 셔츠 R070,"45,500","26,900",https://image.msscdn.net/images/goods_img/20210927/2149187/2149187_1_500.jpg,11,shirt
2474.0,141,https://store.musinsa.com/app/goods/410440,언더에어,Oversize Shirts Demure NINA - Red - Air zero,"39,000","27,300",https://image.msscdn.net/images/goods_img/20160911/410440/410440_3_500.jpg,11,shirt
2475.0,142,https://store.musinsa.com/app/goods/1053790,느와,D Shirts,"87,000","39,150",https://image.msscdn.net/images/goods_img/20190523/1053790/1053790_7_500.jpg,11,shirt
2476.0,143,https://store.musinsa.com/app/goods/1653878,트리핀셀,오버사이즈 코튼 프린팅 루즈핏 긴팔 셔츠 레드,"79,000",,https://image.msscdn.net/images/goods_img/20201019/1653878/1653878_1_500.jpg,11,shirt
2477.0,144,https://store.musinsa.com/app/goods/1127419,반츠,TJA 페이즐리 코튼 셔츠 - 레드,"98,000","29,400",https://image.msscdn.net/images/goods_img/20190823/1127419/1127419_1_500.jpg,11,shirt
2478.0,145,https://store.musinsa.com/app/goods/1116625,[클리어런스],조인 더 클럽 버튼다운 롱슬리브 셔츠 RED G9F9S405_25,"78,000","22,900",https://image.msscdn.net/images/goods_img/20190812/1116625/1116625_4_500.jpg,11,shirt
2479.0,146,https://store.musinsa.com/app/goods/1121642,아티스트웨어,마드라스 오버핏 체크셔츠_RD,"72,000","45,000",https://image.msscdn.net/images/goods_img/20190820/1121642/1121642_1_500.jpg,11,shirt
2480.0,147,https://store.musinsa.com/app/goods/239627,[클리어런스],헨리넥 옴브레 체크셔츠_RED(V15SH303),"49,000","9,900",https://image.msscdn.net/images/goods_img/20150821/239627/239627_2_500.jpg,11,shirt
2481.0,148,https://store.musinsa.com/app/goods/1032628,피스케이터,Az Shirts Red.St,"69,000","20,900",https://image.msscdn.net/images/goods_img/20190502/1032628/1032628_2_500.jpg,11,shirt
2482.0,149,https://store.musinsa.com/app/goods/1128688,아카이브먼츠,아카이브 플라넬 셔츠 (레드),"64,000","25,000",https://image.msscdn.net/images/goods_img/20190826/1128688/1128688_2_500.jpg,11,shirt
2483.0,150,https://store.musinsa.com/app/goods/1623567,[클리어런스],ICHELSON SHIRTS - RED,"67,000","19,900",https://image.msscdn.net/images/goods_img/20200924/1623567/1623567_2_500.jpg,11,shirt
2484.0,151,https://store.musinsa.com/app/goods/1617866,마크엠,Check Has Shirts Jacket Red,"139,000","62,550",https://image.msscdn.net/images/goods_img/20200923/1617866/1617866_1_500.jpg,11,shirt
2485.0,152,https://store.musinsa.com/app/goods/2133547,모더먼트,커버 타탄 체크 빅 오버 셔츠 [레드],"63,000","45,000",https://image.msscdn.net/images/goods_img/20210915/2133547/2133547_1_500.jpg,11,shirt
2486.0,153,https://store.musinsa.com/app/goods/953133,누보텐,asymmetric button shirt,"129,000","90,300",https://image.msscdn.net/images/goods_img/20190214/953133/953133_1_500.jpg,11,shirt
2487.0,154,https://store.musinsa.com/app/goods/1612995,체이스컬트,공용 세미오버핏 후드 탈부착 체크 셔츠-KFAU5429C07,"79,900","19,900",https://image.msscdn.net/images/goods_img/20200921/1612995/1612995_1_500.jpg,11,shirt
2488.0,155,https://store.musinsa.com/app/goods/302006,[클리어런스],Basic Flannel Shrits - Red/Ivory,"53,300","15,900",https://image.msscdn.net/images/goods_img/20160128/302006/302006_3_500.jpg,11,shirt
2489.0,156,https://store.musinsa.com/app/goods/1141973,우아,A 체크 셔츠 (빨강MIX),"98,000","68,600",https://image.msscdn.net/images/goods_img/20190904/1141973/1141973_1_500.jpg,11,shirt
2490.0,157,https://store.musinsa.com/app/goods/2261972,브룩스 브라더스,논-아이론 리젠트 핏 트윌 시그니처 타탄 셔츠(레드) (34984338),"159,000","111,300",https://image.msscdn.net/images/goods_img/20211208/2261972/2261972_1_500.jpg,11,shirt
2491.0,158,https://store.musinsa.com/app/goods/605643,[클리어런스],Fallen Leaves Shirts - Red,"59,900","17,900",https://image.msscdn.net/images/goods_img/20170821/605643/605643_1_500.jpg,11,shirt
2492.0,159,https://store.musinsa.com/app/goods/747850,프룻오브더룸,S/S 1PK CHECK SHIRTS RED,"34,900","10,900",https://image.msscdn.net/images/goods_img/20180403/747850/747850_3_500.jpg,11,shirt
2493.0,160,https://store.musinsa.com/app/goods/2098680,에잇세컨즈,와인 브러쉬 체크 긴팔 셔츠_레귤러핏 (421964EY1Z),"35,900","12,900",https://image.msscdn.net/images/goods_img/20210830/2098680/2098680_1_500.jpg,11,shirt
2494.0,161,https://store.musinsa.com/app/goods/995336,[클리어런스],Overfit color shirt_red,"44,000","12,900",https://image.msscdn.net/images/goods_img/20190326/995336/995336_4_500.jpg,11,shirt
2495.0,162,https://store.musinsa.com/app/goods/543086,아임낫어휴먼비잉,But People Love Me Shirts - Red,"79,000",,https://image.msscdn.net/images/goods_img/20170421/543086/543086_2_500.jpg,11,shirt
2496.0,163,https://store.musinsa.com/app/goods/1359729,브이투,Special classic color shirt_red,"37,000","25,900",https://image.msscdn.net/images/goods_img/20200319/1359729/1359729_1_500.jpg,11,shirt
2497.0,164,https://store.musinsa.com/app/goods/458982,엠지엠지 스튜디오,tartan check shirt_red,"76,000",,https://image.msscdn.net/images/goods_img/20161206/458982/458982_1_500.jpg,11,shirt
2498.0,165,https://store.musinsa.com/app/goods/849968,벳규어스,[UNISEX] 오버핏 원포켓 오버사이즈 남방 이지캐주얼  레인 스트라이프 셔츠 4번 레드,"54,000","37,800",https://image.msscdn.net/images/goods_img/20180906/849968/849968_2_500.jpg,11,shirt
2499.0,166,https://store.musinsa.com/app/goods/866660,제이앤몰스,더스퀘어 레드 체크셔츠_1809_031,"34,000",,https://image.msscdn.net/images/goods_img/20180927/866660/866660_1_500.jpg,11,shirt
2500.0,167,https://store.musinsa.com/app/goods/986332,[클리어런스],Hercule Shirts - Red,"39,000","10,900",https://image.msscdn.net/images/goods_img/20190318/986332/986332_1_500.jpg,11,shirt
2501.0,168,https://store.musinsa.com/app/goods/1010454,[클리어런스],GH parody logo SSLV Shirt orange G9M4S431 34,"64,000","18,900",https://image.msscdn.net/images/goods_img/20190410/1010454/1010454_1_500.jpg,11,shirt
2502.0,169,https://store.musinsa.com/app/goods/1925305,모아,커버 스트라이프 하프 슬리브 셔츠 (RED),"59,000","23,600",https://image.msscdn.net/images/goods_img/20210428/1925305/1925305_3_500.jpg,11,shirt
2503.0,170,https://store.musinsa.com/app/goods/950426,티엠알더블유,와펜 플레이 타탄 체크 셔츠 (RED),"69,000","29,800",https://image.msscdn.net/images/goods_img/20190211/950426/950426_1_500.jpg,11,shirt
2504.0,171,https://store.musinsa.com/app/goods/1594830,에이치 블레이드,유나이티드 체크 코튼 셔츠 (레드),"98,000","68,600",https://image.msscdn.net/images/goods_img/20200910/1594830/1594830_2_500.jpg,11,shirt
2505.0,172,https://store.musinsa.com/app/goods/1842069,메이노브1722,Fruit Check Shirts - Red,"49,000","39,200",https://image.msscdn.net/images/goods_img/20210312/1842069/1842069_1_500.jpg,11,shirt
2506.0,173,https://store.musinsa.com/app/goods/713833,언더에어,Daner Zone Shitrs - Red,"29,000","20,300",https://image.msscdn.net/images/goods_img/20180209/713833/713833_1_500.jpg,11,shirt
2507.0,174,https://store.musinsa.com/app/goods/302003,[클리어런스],Flannel Hoodie Shrits - Navy/Red - Gray,"54,000","15,900",https://image.msscdn.net/images/goods_img/20160128/302003/302003_1_500.jpg,11,shirt
2508.0,175,https://store.musinsa.com/app/goods/797148,느와,Da Shirts (RD),"64,000","25,600",https://image.msscdn.net/images/goods_img/20180607/797148/797148_2_500.jpg,11,shirt
2509.0,176,https://store.musinsa.com/app/goods/478890,언더에어,Cow Cow Shirts - Red,"42,000","21,000",https://image.msscdn.net/images/goods_img/20170206/478890/478890_1_500.jpg,11,shirt
2510.0,177,https://store.musinsa.com/app/goods/1885737,위캔더스,BASIC SS SHIRTS (RED),"79,000","47,400",https://image.msscdn.net/images/goods_img/20210407/1885737/1885737_1_500.jpg,11,shirt
2511.0,178,https://store.musinsa.com/app/goods/537625,아파트먼트,Venery Shirts - Wine,"42,000","25,200",https://image.msscdn.net/images/goods_img/20170412/537625/537625_1_500.jpg,11,shirt
2512.0,179,https://store.musinsa.com/app/goods/535000,피피피,RL PATTERN SHIRTS (RED),"69,000",,https://image.msscdn.net/images/goods_img/20170406/535000/535000_3_500.jpg,11,shirt
2513.0,180,https://store.musinsa.com/app/goods/2313106,마리끌레르,오픈 차이나 카라 셔츠 (MABBSH02S3),"23,400",,https://image.msscdn.net/images/goods_img/20220118/2313106/2313106_1_500.jpg,10,shirt
2514.0,181,https://store.musinsa.com/app/goods/2311526,컴젠,코튼 오버사이즈 셔츠 PINK BEIGE NABW0-WRC300_23J,"159,000",,https://image.msscdn.net/images/goods_img/20220118/2311526/2311526_1_500.jpg,10,shirt
2515.0,182,https://store.musinsa.com/app/goods/2289000,익스파이어드걸,아리아 블라우스 핑크,"75,000",,https://image.msscdn.net/images/goods_img/20220103/2289000/2289000_1_500.jpg,10,shirt
2516.0,183,https://store.musinsa.com/app/goods/2306396,간트,DG72210028 3020270 파스텔 스트라이프 셔츠 PINK,"138,000","110,400",https://image.msscdn.net/images/goods_img/20220113/2306396/2306396_1_500.jpg,10,shirt
2517.0,184,https://store.musinsa.com/app/goods/2299355,프로드셔츠,[레귤러] D-300 옥스퍼드 셔츠 (핑크),"98,000","88,200",https://image.msscdn.net/images/goods_img/20220110/2299355/2299355_1_500.jpg,10,shirt
2518.0,185,https://store.musinsa.com/app/goods/2299797,프로드셔츠,[레귤러] D-350 옥스퍼드 스트라이프 셔츠 (핑크),"98,000","88,200",https://image.msscdn.net/images/goods_img/20220110/2299797/2299797_1_500.jpg,10,shirt
2519.0,186,https://store.musinsa.com/app/goods/1609659,어반드레스,스트로베리 오버핏 체크 셔츠,"46,000","29,900",https://image.msscdn.net/images/goods_img/20200917/1609659/1609659_3_500.jpg,10,shirt
2520.0,187,https://store.musinsa.com/app/goods/1183199,프리즘웍스,OG CORDUROY SHIRT _ PINK,"68,000","51,000",https://image.msscdn.net/images/goods_img/20191010/1183199/1183199_1_500.jpg,10,shirt
2521.0,188,https://store.musinsa.com/app/goods/1706635,폴로 랄프 로렌,커스텀핏 옥스포드 셔츠 - 핑크,"179,000",,https://image.msscdn.net/images/goods_img/20201130/1706635/1706635_2_500.jpg,10,shirt
2522.0,189,https://store.musinsa.com/app/goods/2081252,마크 곤잘레스,슈무 와펜 체크 셔츠 핑크,"69,000","41,400",https://image.msscdn.net/images/goods_img/20210823/2081252/2081252_1_500.jpg,10,shirt
2523.0,190,https://store.musinsa.com/app/goods/1333441,드로우핏,히든 루즈핏 오픈카라 셔츠 [DUSTY PINK],"59,000","41,300",https://image.msscdn.net/images/goods_img/20200304/1333441/1333441_2_500.jpg,10,shirt
2524.0,191,https://store.musinsa.com/app/goods/857666,페매니쉬,베이직 옥스퍼드 셔츠_핑크,"42,000","14,700",https://image.msscdn.net/images/goods_img/20180913/857666/857666_1_500.jpg,10,shirt
2525.0,192,https://store.musinsa.com/app/goods/1059928,무신사 스탠다드,베이식 시어서커 셔츠 [화이트/레드],"26,900",,https://image.msscdn.net/images/goods_img/20190530/1059928/1059928_2_500.jpg,10,shirt
2526.0,193,https://store.musinsa.com/app/goods/1633626,더니트컴퍼니,릴렉스 미니멀 셔츠 4color,"68,000","35,900",https://image.msscdn.net/images/goods_img/20201005/1633626/1633626_1_500.jpg,10,shirt
2527.0,194,https://store.musinsa.com/app/goods/2060656,블론드나인,[오늘만이가격] 스탠다드 오버핏 옥스포드 셔츠_핑크,"57,000","33,900",https://image.msscdn.net/images/goods_img/20210812/2060656/2060656_1_500.jpg,10,shirt
2528.0,195,https://store.musinsa.com/app/goods/1811232,프리즘웍스,PIGMENT DYEING OVERSIZED SHIRT _ PINK,"68,000","44,200",https://image.msscdn.net/images/goods_img/20210223/1811232/1811232_1_500.jpg,10,shirt
2529.0,196,https://store.musinsa.com/app/goods/1968084,칸코,KANCO FULL LOGO SHORT SHIRT pink,"69,000","48,300",https://image.msscdn.net/images/goods_img/20210526/1968084/1968084_1_500.jpg,10,shirt
2530.0,197,https://store.musinsa.com/app/goods/1047031,리우 옴므,솔리드 오픈카라 셔츠_핑크,"43,000",,https://image.msscdn.net/images/goods_img/20190516/1047031/1047031_1_500.jpg,10,shirt
2531.0,198,https://store.musinsa.com/app/goods/2236934,타미진스,스트레치 옥스포드 셔츠 (T32C0WSH03CMT2TN9),"98,000",,https://image.msscdn.net/images/goods_img/20211117/2236934/2236934_1_500.jpg,10,shirt
2532.0,199,https://store.musinsa.com/app/goods/1930364,무신사 스탠다드,우먼즈 베이식 블라우스  [핑크],"31,900",,https://image.msscdn.net/images/goods_img/20210430/1930364/1930364_1_500.jpg,10,shirt
2533.0,200,https://store.musinsa.com/app/goods/1896199,코텍,코튼 투포켓 오버핏 셔츠 Pink,"109,000","65,400",https://image.msscdn.net/images/goods_img/20210413/1896199/1896199_1_500.jpg,10,shirt
2534.0,201,https://store.musinsa.com/app/goods/1365497,큐리티,C TIE DYE SHIRRING BLOUSE_PINK,"59,000","41,300",https://image.msscdn.net/images/goods_img/20200324/1365497/1365497_1_500.jpg,10,shirt
2535.0,202,https://store.musinsa.com/app/goods/2141369,명제작소,루즈핏 빅퍼튼 셔츠 [핑크],"69,000","31,050",https://image.msscdn.net/images/goods_img/20210918/2141369/2141369_1_500.jpg,10,shirt
2536.0,203,https://store.musinsa.com/app/goods/1359954,레이디 볼륨,[남여] Overfit stripe M3_pink,"39,900","19,950",https://image.msscdn.net/images/goods_img/20200319/1359954/1359954_1_500.jpg,10,shirt
2537.0,204,https://store.musinsa.com/app/goods/2082426,프로젝트엠,텐셀 옥스포드 이지케어 셔츠_EPB3WC1912PK,"49,900","19,900",https://image.msscdn.net/images/goods_img/20210824/2082426/2082426_1_500.jpg,10,shirt
2538.0,205,https://store.musinsa.com/app/goods/2152069,핑크파인애플,MOOD CHECK SHIRT_PINK,"39,000",,https://image.msscdn.net/images/goods_img/20210929/2152069/2152069_1_500.jpg,10,shirt
2539.0,206,https://store.musinsa.com/app/goods/1903374,레터프롬문,예스오어노 플라워 블라우스 ( 핑크 &amp; 아이보리 ) 96121ME0030WT000,"60,000",,https://image.msscdn.net/images/goods_img/20210416/1903374/1903374_1_500.jpg,10,shirt
2540.0,207,https://store.musinsa.com/app/goods/785670,토마스 베일리,버튼다운 옥스포드 셔츠 핑크 1THTHC1MSU153,"35,000",,https://image.msscdn.net/images/goods_img/20180523/785670/785670_1_500.jpg,10,shirt
2541.0,208,https://store.musinsa.com/app/goods/1906693,어반드레스,레이온 루즈핏 크롭 셔츠-핑크,"42,000","29,400",https://image.msscdn.net/images/goods_img/20210419/1906693/1906693_4_500.jpg,10,shirt
2542.0,209,https://store.musinsa.com/app/goods/1907220,무신사 스탠다드,우먼즈 스퀘어 넥 하프 슬리브 셔링 블라우스 [인디언 핑크],"32,900",,https://image.msscdn.net/images/goods_img/20210419/1907220/1907220_2_500.jpg,10,shirt
2543.0,210,https://store.musinsa.com/app/goods/1805102,레터프롬문,버튼 오픈 볼레로 + 나시  셋업 블라우스 ( 핑크 ) 96119FE1F18SL000,"59,000",,https://image.msscdn.net/images/goods_img/20210219/1805102/1805102_1_500.jpg,10,shirt
2544.0,211,https://store.musinsa.com/app/goods/2098413,에잇세컨즈,라이트 핑크 피치 코튼 셔츠 (321964LY2Y),"39,900","29,900",https://image.msscdn.net/images/goods_img/20210830/2098413/2098413_1_500.jpg,10,shirt
2545.0,212,https://store.musinsa.com/app/goods/1514157,아테스토니 우먼,볼로냐 셔츠 블라우스 핑크,"59,000","29,000",https://image.msscdn.net/images/goods_img/20200713/1514157/1514157_1_500.jpg,10,shirt
2546.0,213,https://store.musinsa.com/app/goods/1030972,퍼스텝,어반패널 반팔 셔츠 밀크핑크 SMSS4264,"38,900",,https://image.msscdn.net/images/goods_img/20190430/1030972/1030972_1_500.jpg,10,shirt
2547.0,214,https://store.musinsa.com/app/goods/1031378,미드나잇 무브,[unisex] 로고 셔츠 (pink),"65,000","39,000",https://image.msscdn.net/images/goods_img/20190430/1031378/1031378_1_500.jpg,10,shirt
2548.0,215,https://store.musinsa.com/app/goods/1008880,체이스컬트,여성 스트라이프 풀오버 셔츠-JARG5422B0P,"59,900","14,900",https://image.msscdn.net/images/goods_img/20190409/1008880/1008880_5_500.jpg,10,shirt
2549.0,216,https://store.musinsa.com/app/goods/1058949,와이케이,스테디 린넨 오픈카라 반팔 셔츠 핑크,"72,000","50,400",https://image.msscdn.net/images/goods_img/20190529/1058949/1058949_1_500.jpg,10,shirt
2550.0,217,https://store.musinsa.com/app/goods/1524970,5252 바이 오아이오아이,TAG LABEL PEACH SHIRTS_pink,"69,000","48,300",https://image.msscdn.net/images/goods_img/20200723/1524970/1524970_1_500.png,10,shirt
2551.0,218,https://store.musinsa.com/app/goods/1870105,아조바이아조,Oversized Purposeful Pockets Shirt [Pink],"92,000","64,400",https://image.msscdn.net/images/goods_img/20210330/1870105/1870105_1_500.jpg,10,shirt
2552.0,219,https://store.musinsa.com/app/goods/644153,페매니쉬,Logo Oxford Shirt_Pink,"42,000","10,900",https://image.msscdn.net/images/goods_img/20170926/644153/644153_1_500.jpg,10,shirt
2553.0,220,https://store.musinsa.com/app/goods/1326455,칸코,KANCO ROUND COLLAR SHORT SHIRT pink,"89,000","62,300",https://image.msscdn.net/images/goods_img/20200227/1326455/1326455_1_500.jpg,10,shirt
2554.0,221,https://store.musinsa.com/app/goods/1908312,디벨,골드 버튼 타이 샤틴 셔츠 (핑크),"84,000","56,000",https://image.msscdn.net/images/goods_img/20210419/1908312/1908312_1_500.jpg,10,shirt
2555.0,222,https://store.musinsa.com/app/goods/1880895,필루미네이트 블랙,B-레귤러핏 오픈 카라 하프 셔츠-핑크,"39,000","29,250",https://image.msscdn.net/images/goods_img/20210405/1880895/1880895_1_500.jpg,10,shirt
2556.0,223,https://store.musinsa.com/app/goods/1424746,느와,Sun Top,"59,000",,https://image.msscdn.net/images/goods_img/20200427/1424746/1424746_6_500.jpg,10,shirt
2557.0,224,https://store.musinsa.com/app/goods/1888289,하이스쿨디스코,pink lagoon shirts,"54,000","48,600",https://image.msscdn.net/images/goods_img/20210408/1888289/1888289_1_500.jpg,10,shirt
2558.0,225,https://store.musinsa.com/app/goods/973098,어몽,린넨 셔츠,"92,000","36,800",https://image.msscdn.net/images/goods_img/20190306/973098/973098_1_500.jpg,10,shirt
2559.0,226,https://store.musinsa.com/app/goods/408287,마크메이트,(긴팔)옥스포드 셔츠_DL_A09,"32,000",,https://image.msscdn.net/images/goods_img/20160908/408287/408287_1_500.jpg,10,shirt
2560.0,227,https://store.musinsa.com/app/goods/1059746,바이바이섭,CHECK CROP BLOUSE PINK,"58,000","46,400",https://image.msscdn.net/images/goods_img/20190530/1059746/1059746_4_500.jpg,10,shirt
2561.0,228,https://store.musinsa.com/app/goods/560576,프레시 안티 유스,Zipper Pocket Shirts - Pink,"59,000","53,100",https://image.msscdn.net/images/goods_img/20170519/560576/560576_1_500.jpg,10,shirt
2562.0,229,https://store.musinsa.com/app/goods/805700,바이바이섭,FRILL BLOUSE PINK,"62,000","43,400",https://image.msscdn.net/images/goods_img/20180622/805700/805700_1_500.jpg,10,shirt
2563.0,230,https://store.musinsa.com/app/goods/1008847,리우 옴므,코튼 린넨 셔츠_핑크,"44,000",,https://image.msscdn.net/images/goods_img/20190409/1008847/1008847_2_500.jpg,10,shirt
2564.0,231,https://store.musinsa.com/app/goods/935657,언더에어,HOT HEADED SHIRTS - Pink,"39,000","27,300",https://image.msscdn.net/images/goods_img/20190118/935657/935657_1_500.jpg,10,shirt
2565.0,232,https://store.musinsa.com/app/goods/1964512,이에이,[SM21] CUTTING CROP SHIRTS Pink,"108,000",,https://image.msscdn.net/images/goods_img/20210524/1964512/1964512_1_500.jpg,10,shirt
2566.0,233,https://store.musinsa.com/app/goods/1581029,언더에어,MULLET SHIRTS - PINK,"49,000","34,300",https://image.msscdn.net/images/goods_img/20200902/1581029/1581029_1_500.jpg,10,shirt
2567.0,234,https://store.musinsa.com/app/goods/1373230,라온,Ruffle Detail Blouse (PK),"85,000","51,000",https://image.msscdn.net/images/goods_img/20200330/1373230/1373230_1_500.jpg,10,shirt
2568.0,235,https://store.musinsa.com/app/goods/1581010,[클리어런스],HILAIRE SHIRTS - PINK,"56,400","16,900",https://image.msscdn.net/images/goods_img/20200902/1581010/1581010_1_500.jpg,10,shirt
2569.0,236,https://store.musinsa.com/app/goods/739125,언더에어,Fascinating Shirts - Pink,"33,000","23,100",https://image.msscdn.net/images/goods_img/20180320/739125/739125_1_500.jpg,10,shirt
2570.0,237,https://store.musinsa.com/app/goods/2226210,플라즈마 스페어,21fw Sweet Shirt[Pink],"72,000",,https://image.msscdn.net/images/goods_img/20211110/2226210/2226210_1_500.jpg,10,shirt
2571.0,238,https://store.musinsa.com/app/goods/2221075,아이러니포르노 화이트라인,유니섹스 베이직 시티보이 세미오버핏 셔츠 IRT080 핑크,"57,000","19,900",https://image.msscdn.net/images/goods_img/20211106/2221075/2221075_1_500.jpg,10,shirt
2572.0,239,https://store.musinsa.com/app/goods/2133564,플리즈프로젝트,my bad bear pattern blouse_pink,"72,000",,https://image.msscdn.net/images/goods_img/20210915/2133564/2133564_1_500.gif,10,shirt
2573.0,240,https://store.musinsa.com/app/goods/2075033,에잇세컨즈,라이트 핑크 깅엄 체크 코튼 파자마 셔츠 (321864LH2Y),"29,900","12,900",https://image.msscdn.net/images/goods_img/20210820/2075033/2075033_3_500.jpg,10,shirt
2574.0,241,https://store.musinsa.com/app/goods/1229084,뎁,레오파드 오간자 블라우스 - 핑크,"159,000","41,900",https://image.msscdn.net/images/goods_img/20191118/1229084/1229084_3_500.jpg,10,shirt
2575.0,242,https://store.musinsa.com/app/goods/867514,와이케이,오픈슬리브 솔리드 셔츠_더스트핑크,"98,000","68,600",https://image.msscdn.net/images/goods_img/20180927/867514/867514_1_500.jpg,10,shirt
2576.0,243,https://store.musinsa.com/app/goods/1857308,써누스,핑크 실키 기본카라 셔츠,"126,000",,https://image.msscdn.net/images/goods_img/20210322/1857308/1857308_1_500.jpg,10,shirt
2577.0,244,https://store.musinsa.com/app/goods/1465381,로라로라,(BL-20322) CHECK TIED-UP PUFF-SLEEVE SHIRT PINK,"69,000","62,100",https://image.msscdn.net/images/goods_img/20200527/1465381/1465381_2_500.jpg,10,shirt
2578.0,245,https://store.musinsa.com/app/goods/1793990,폴로 랄프 로렌,[우먼즈] 클래식핏 옥스포드 셔츠 - 핑크,"199,000",,https://image.msscdn.net/images/goods_img/20210215/1793990/1793990_1_500.jpg,10,shirt
2579.0,246,https://store.musinsa.com/app/goods/1001272,데이데어,와이키키 셔츠(PINK),"59,000","9,900",https://image.msscdn.net/images/goods_img/20190401/1001272/1001272_1_500.jpg,10,shirt
2580.0,247,https://store.musinsa.com/app/goods/2252821,코디갤러리,[95130 SIZE] 핑크 버튼다운카라 스트레치 셔츠,"19,900",,https://image.msscdn.net/images/goods_img/20211130/2252821/2252821_1_500.jpg,10,shirt
2581.0,248,https://store.musinsa.com/app/goods/1774184,마크메이트,스탠퍼 옥스포드 스트라이프 셔츠 딥핑크,"42,000","33,600",https://image.msscdn.net/images/goods_img/20210202/1774184/1774184_1_500.jpg,10,shirt
2582.0,249,https://store.musinsa.com/app/goods/1187202,에스에스와이,할로윈 보이 포켓 팁 셔츠 핑크,"79,000","47,400",https://image.msscdn.net/images/goods_img/20191015/1187202/1187202_1_500.jpg,10,shirt
2583.0,250,https://store.musinsa.com/app/goods/1442222,라티젠,LTG3 BASIC SHIRT(PINK),"79,000","71,100",https://image.msscdn.net/images/goods_img/20200512/1442222/1442222_1_500.jpg,10,shirt
2584.0,251,https://store.musinsa.com/app/goods/1439971,마가린핑거스,sherbet blouse (pk),"73,000",,https://image.msscdn.net/images/goods_img/20200511/1439971/1439971_1_500.jpg,10,shirt
2585.0,252,https://store.musinsa.com/app/goods/838300,펠토,viscos relax  loose fit shirt[올드핑크],"49,000","24,500",https://image.msscdn.net/images/goods_img/20180827/838300/838300_1_500.jpg,10,shirt
2586.0,253,https://store.musinsa.com/app/goods/661556,더도시,베이직 프리미엄 기본 셔츠_라이트핑크,"19,500",,https://image.msscdn.net/images/goods_img/20171027/661556/661556_1_500.jpg,10,shirt
2587.0,254,https://store.musinsa.com/app/goods/775551,메타퍼,클래시 반팔 셔츠 (핑크),"65,000",,https://image.msscdn.net/images/goods_img/20180509/775551/775551_1_500.jpg,10,shirt
2588.0,255,https://store.musinsa.com/app/goods/1349767,라티젠,LTG2 ROUND COLLAR BLOUSE(PINK),"79,000","71,100",https://image.msscdn.net/images/goods_img/20200313/1349767/1349767_1_500.jpg,10,shirt
2589.0,256,https://store.musinsa.com/app/goods/552923,프레시 안티 유스,S/S Shirts - Peach,"59,000","53,100",https://image.msscdn.net/images/goods_img/20170510/552923/552923_1_500.jpg,10,shirt
2590.0,257,https://store.musinsa.com/app/goods/1125726,반츠,옥스포드 컷어웨이 칼라 클레릭 셔츠 - 라일락,"98,000","29,400",https://image.msscdn.net/images/goods_img/20190822/1125726/1125726_1_500.jpg,10,shirt
2591.0,258,https://store.musinsa.com/app/goods/1907158,어반드레스,레이온 루즈핏 타이다이 크롭 셔츠-핑크,"42,000","33,180",https://image.msscdn.net/images/goods_img/20210419/1907158/1907158_3_500.jpg,10,shirt
2592.0,259,https://store.musinsa.com/app/goods/2106179,빈폴 멘,[SLIM] Unisex 마젠타 옥스포드 멀티 체크 셔츠 (BC0964O17W),"169,000","101,000",https://image.msscdn.net/images/goods_img/20210902/2106179/2106179_1_500.jpg,10,shirt
2593.0,260,https://store.musinsa.com/app/goods/1131478,아울나인티원,19FW OVERSIZE BASIC SHIRTS [PINK],"52,000",,https://image.msscdn.net/images/goods_img/20190827/1131478/1131478_1_500.jpg,10,shirt
2594.0,261,https://store.musinsa.com/app/goods/2252833,코디갤러리,[95130 SIZE] 핑크 레귤러카라 스트레치 셔츠,"19,900",,https://image.msscdn.net/images/goods_img/20211130/2252833/2252833_1_500.jpg,10,shirt
2595.0,262,https://store.musinsa.com/app/goods/559806,씨오엠이,[UNISEX] Mission Patch Bowling Shirt (PINK),"98,000","39,200",https://image.msscdn.net/images/goods_img/20170519/559806/559806_2_500.jpg,10,shirt
2596.0,263,https://store.musinsa.com/app/goods/968081,바이바이섭,FULL SHIRRING BLOUSE PINK,"82,000","53,300",https://image.msscdn.net/images/goods_img/20190227/968081/968081_1_500.jpg,10,shirt
2597.0,264,https://store.musinsa.com/app/goods/1215088,티엠오 바이 써틴먼스,LONG SLEEVE VEST SHIRT (PINK),"88,000",,https://image.msscdn.net/images/goods_img/20191106/1215088/1215088_1_500.jpg,10,shirt
2598.0,265,https://store.musinsa.com/app/goods/1473029,체이스컬트,공용 오버핏 스트릿 체크 반팔 셔츠-KBAU5533D0P,"59,900","19,900",https://image.msscdn.net/images/goods_img/20200603/1473029/1473029_1_500.jpg,10,shirt
2599.0,266,https://store.musinsa.com/app/goods/1478737,엠지엠지 스튜디오,Ribbon flare set_pink,"102,000",,https://image.msscdn.net/images/goods_img/20200609/1478737/1478737_1_500.jpg,10,shirt
2600.0,267,https://store.musinsa.com/app/goods/1026364,트립르센스,TLS STRIPE SHIRTS 1925 PINK,"69,000","55,200",https://image.msscdn.net/images/goods_img/20190424/1026364/1026364_1_500.jpg,10,shirt
2601.0,268,https://store.musinsa.com/app/goods/1440358,리우 옴므,솔리드 투 포켓 오픈 카라 셔츠_핑크,"44,000","26,100",https://image.msscdn.net/images/goods_img/20200512/1440358/1440358_1_500.jpg,10,shirt
2602.0,269,https://store.musinsa.com/app/goods/2144569,체이스컬트,여성 옵션 끈장식 블라우스-AERG5454B0P,"59,900","29,900",https://image.msscdn.net/images/goods_img/20210924/2144569/2144569_1_500.jpg,10,shirt
2603.0,270,https://store.musinsa.com/app/goods/2304975,볼컴,DYEING 포켓 오버핏 긴팔 셔츠(오렌지),"129,000",,https://image.msscdn.net/images/goods_img/20220112/2304975/2304975_2_500.jpg,12,shirt
2604.0,271,https://store.musinsa.com/app/goods/2293557,빈폴 멘,[men] [REGULAR] 오렌지 코튼 멀티 체크 셔츠 (BC2164N028),"139,000",,https://image.msscdn.net/images/goods_img/20220105/2293557/2293557_1_500.jpg,12,shirt
2605.0,272,https://store.musinsa.com/app/goods/1178387,무신사 스탠다드,코듀로이 오버사이즈 셔츠 재킷 [오렌지],"30,900","15,390",https://image.msscdn.net/images/goods_img/20191007/1178387/1178387_2_500.jpg,12,shirt
2606.0,273,https://store.musinsa.com/app/goods/2289558,이벳필드,오버핏 포켓 체크셔츠 오렌지,"99,000","89,100",https://image.msscdn.net/images/goods_img/20220103/2289558/2289558_1_500.jpg,12,shirt
2607.0,274,https://store.musinsa.com/app/goods/1612886,[클리어런스],HURT SHIRTS - ORANGE,"39,000","10,900",https://image.msscdn.net/images/goods_img/20200921/1612886/1612886_1_500.jpg,12,shirt
2608.0,275,https://store.musinsa.com/app/goods/1167507,세인트페인,SP 오버 사이즈드 포켓 셔츠-오렌지,"48,000","21,600",https://image.msscdn.net/images/goods_img/20190926/1167507/1167507_1_500.jpg,12,shirt
2609.0,276,https://store.musinsa.com/app/goods/1239353,페플,코듀로이 플랩 포켓 셔츠 4종 오렌지 SJLS1223,"45,900","32,100",https://image.msscdn.net/images/goods_img/20191129/1239353/1239353_1_500.jpg,12,shirt
2610.0,277,https://store.musinsa.com/app/goods/2115513,디스이즈네버댓,Mixed Check Shirt Orange,"99,000","69,300",https://image.msscdn.net/images/goods_img/20210908/2115513/2115513_1_500.jpg,12,shirt
2611.0,278,https://store.musinsa.com/app/goods/1576028,스테이지 네임,뉴트로 와이드 포켓 셔츠 자켓_오렌지,"74,000","62,900",https://image.msscdn.net/images/goods_img/20200901/1576028/1576028_2_500.jpg,12,shirt
2612.0,279,https://store.musinsa.com/app/goods/1811224,프리즘웍스,OG STRIPE OVERSIZED SHIRT _ ORANGE,"54,000","43,200",https://image.msscdn.net/images/goods_img/20210223/1811224/1811224_2_500.jpg,12,shirt
2613.0,280,https://store.musinsa.com/app/goods/2022268,에잇세컨즈,오렌지 코튼 플라워 프린트 블라우스 (351665IQ18),"35,900","12,900",https://image.msscdn.net/images/goods_img/20210707/2022268/2022268_1_500.jpg,12,shirt
2614.0,281,https://store.musinsa.com/app/goods/1606799,[클리어런스],STARRY HOUR SHIRTS - ORANGE,"49,000","13,900",https://image.msscdn.net/images/goods_img/20200916/1606799/1606799_1_500.jpg,12,shirt
2615.0,282,https://store.musinsa.com/app/goods/1848836,폴로 랄프 로렌,커스텀핏 옥스포드 셔츠 - 오렌지,"179,000",,https://image.msscdn.net/images/goods_img/20210317/1848836/1848836_1_500.jpg,12,shirt
2616.0,283,https://store.musinsa.com/app/goods/839792,트립르센스,SOLID COLOR POINT SHIRTS BROWN,"49,000","39,200",https://image.msscdn.net/images/goods_img/20180828/839792/839792_1_500.jpg,12,shirt
2617.0,284,https://store.musinsa.com/app/goods/788137,메타퍼,소프트 반팔 셔츠 (오렌지),"66,000",,https://image.msscdn.net/images/goods_img/20180525/788137/788137_1_500.jpg,12,shirt
2618.0,285,https://store.musinsa.com/app/goods/1558601,어몽,A CHECK PUFF BL [2 colors],"92,000","55,200",https://image.msscdn.net/images/goods_img/20200821/1558601/1558601_2_500.jpg,12,shirt
2619.0,286,https://store.musinsa.com/app/goods/1128261,미드나잇 무브,[unisex] neck shirts (orange),"72,000","57,600",https://image.msscdn.net/images/goods_img/20190825/1128261/1128261_1_500.jpg,12,shirt
2620.0,287,https://store.musinsa.com/app/goods/595986,언더에어,California Dream Shirts - Orange,"59,900","29,950",https://image.msscdn.net/images/goods_img/20170801/595986/595986_1_500.jpg,12,shirt
2621.0,288,https://store.musinsa.com/app/goods/1062384,엠지엠지 스튜디오,Square neck shirring blouse_apricot,"96,000","76,800",https://image.msscdn.net/images/goods_img/20190603/1062384/1062384_1_500.jpg,12,shirt
2622.0,289,https://store.musinsa.com/app/goods/1889151,유니버셜 오버롤,페이즐리 오픈 카라 셔츠 오렌지,"109,000","98,100",https://image.msscdn.net/images/goods_img/20210408/1889151/1889151_1_500.jpg,12,shirt
2623.0,290,https://store.musinsa.com/app/goods/1172316,퍼스텝,뉴블랙 엠보 스트라이프 셔츠 오렌지 SMLS4305,"43,000",,https://image.msscdn.net/images/goods_img/20191001/1172316/1172316_1_500.jpg,12,shirt
2624.0,291,https://store.musinsa.com/app/goods/970307,페매니쉬,타탄04 셔츠_오렌지,"49,900","11,900",https://image.msscdn.net/images/goods_img/20190304/970307/970307_1_500.jpg,12,shirt
2625.0,292,https://store.musinsa.com/app/goods/2068258,폴로 랄프 로렌,커스텀핏 가먼트 다이 옥스포드 셔츠 - 오렌지,"179,000",,https://image.msscdn.net/images/goods_img/20210818/2068258/2068258_3_500.jpg,12,shirt
2626.0,293,https://store.musinsa.com/app/goods/630231,[클리어런스],The Road Side Shirts - Orange,"63,000","18,900",https://image.msscdn.net/images/goods_img/20170912/630231/630231_1_500.jpg,12,shirt
2627.0,294,https://store.musinsa.com/app/goods/891785,오버캐스트,Hooded Shirt,"158,000","110,600",https://image.msscdn.net/images/goods_img/20181026/891785/891785_1_500.jpg,12,shirt
2628.0,295,https://store.musinsa.com/app/goods/1447610,더블유브이프로젝트,프레드 헨리넥 셔츠 레드오렌지 CJLS7395,"36,900",,https://image.msscdn.net/images/goods_img/20200515/1447610/1447610_1_500.jpg,12,shirt
2629.0,296,https://store.musinsa.com/app/goods/1532226,[클리어런스],V028 에스닉 오버핏 하프 셔츠 (오렌지),"79,000","22,900",https://image.msscdn.net/images/goods_img/20200730/1532226/1532226_1_500.jpg,12,shirt
2630.0,297,https://store.musinsa.com/app/goods/1066059,굿라이프웍스,크랙 워시드 하와이안 하프 셔츠 오렌지,"39,800","31,800",https://image.msscdn.net/images/goods_img/20190607/1066059/1066059_5_500.jpg,12,shirt
2631.0,298,https://store.musinsa.com/app/goods/1923938,수트에이블,샌드 워싱 린넨 셔츠 (오렌지),"88,000",,https://image.msscdn.net/images/goods_img/20210427/1923938/1923938_1_500.jpg,12,shirt
2632.0,299,https://store.musinsa.com/app/goods/1632654,케이엔드,루즈핏 투 포켓 코듀로이 셔츠 오렌지,"59,000","23,600",https://image.msscdn.net/images/goods_img/20201005/1632654/1632654_2_500.jpg,12,shirt
2633.0,300,https://store.musinsa.com/app/goods/1938807,위캔더스,CAMOFROG SS SHIRT (ORANGE),"89,000","53,400",https://image.msscdn.net/images/goods_img/20210506/1938807/1938807_1_500.jpg,12,shirt
2634.0,301,https://store.musinsa.com/app/goods/2239212,비욘드클로젯,노맨틱 네오 체크 플란넬 셔츠 오렌지,"108,000","81,000",https://image.msscdn.net/images/goods_img/20211118/2239212/2239212_1_500.jpg,12,shirt
2635.0,302,https://store.musinsa.com/app/goods/533134,아파트먼트,Broken Usual Shirts - Orange,"63,000","25,200",https://image.msscdn.net/images/goods_img/20170404/533134/533134_2_500.jpg,12,shirt
2636.0,303,https://store.musinsa.com/app/goods/1609581,셔터,CHECKED TYPEWRITER BIG B.D SHIRT (ORANGE),"128,000","89,600",https://image.msscdn.net/images/goods_img/20200917/1609581/1609581_1_500.jpg,12,shirt
2637.0,304,https://store.musinsa.com/app/goods/649924,데님인디고마스터,FLANNEL CPO SHIRT ORANGE,"89,000","62,300",https://image.msscdn.net/images/goods_img/20171010/649924/649924_1_500.jpg,12,shirt
2638.0,305,https://store.musinsa.com/app/goods/1144966,비디알,PARACHUTE FLANNEL JACKET [Orange],"153,000",,https://image.msscdn.net/images/goods_img/20190905/1144966/1144966_1_500.jpg,12,shirt
2639.0,306,https://store.musinsa.com/app/goods/986373,메리제임스,Whole Life Shirts - Orange,"39,000","19,500",https://image.msscdn.net/images/goods_img/20190318/986373/986373_1_500.jpg,12,shirt
2640.0,307,https://store.musinsa.com/app/goods/1040982,다이클레즈,파리스파이핑 반팔셔츠 주황 KHSS5064,"33,900",,https://image.msscdn.net/images/goods_img/20190510/1040982/1040982_3_500.jpg,12,shirt
2641.0,308,https://store.musinsa.com/app/goods/800238,밸런스우드,BW-S1-SH001-4C (Light Orange),"57,000","39,900",https://image.msscdn.net/images/goods_img/20180613/800238/800238_1_500.jpg,12,shirt
2642.0,309,https://store.musinsa.com/app/goods/1303090,벨리프,Stripe Oxford cotton Button Down Collar shirt (Orange),"72,000",,https://image.msscdn.net/images/goods_img/20200213/1303090/1303090_1_500.jpg,12,shirt
2643.0,310,https://store.musinsa.com/app/goods/986335,[클리어런스],Bain Shirts - Orange,"39,000","10,900",https://image.msscdn.net/images/goods_img/20190318/986335/986335_1_500.jpg,12,shirt
2644.0,311,https://store.musinsa.com/app/goods/1562778,체이스컬트,공용 세미 오버핏 기모 체크 셔츠-KERU5423B0Q,"79,900","29,900",https://image.msscdn.net/images/goods_img/20200825/1562778/1562778_1_500.jpg,12,shirt
2645.0,312,https://store.musinsa.com/app/goods/1934777,바베우,턱시도 넥 린넨 더블 반팔 셔츠,"53,000",,https://image.msscdn.net/images/goods_img/20210503/1934777/1934777_1_500.jpg,12,shirt
2646.0,313,https://store.musinsa.com/app/goods/489651,블랭크,PAINTING TOP-OR,"69,000","24,150",https://image.msscdn.net/images/goods_img/20170224/489651/489651_1_500.jpg,12,shirt
2647.0,314,https://store.musinsa.com/app/goods/950593,밸런스우드,BW-S2-SH001-2C (ORANGE),"52,000","36,400",https://image.msscdn.net/images/goods_img/20190212/950593/950593_1_500.jpg,12,shirt
2648.0,315,https://store.musinsa.com/app/goods/2101447,간트,DI32120033 3036530 레귤러텍스쳐셔츠 ORANGE,"148,000","74,000",https://image.msscdn.net/images/goods_img/20210831/2101447/2101447_1_500.jpg,12,shirt
2649.0,316,https://store.musinsa.com/app/goods/2010734,아이스가든에이오공팔,Houndstooth Print Cravat Chiffon Blouse,"230,000",,https://image.msscdn.net/images/goods_img/20210627/2010734/2010734_1_500.jpg,12,shirt
2650.0,317,https://store.musinsa.com/app/goods/953136,누보텐,single ruffle blouse,"129,000",,https://image.msscdn.net/images/goods_img/20190214/953136/953136_1_500.jpg,12,shirt
2651.0,318,https://store.musinsa.com/app/goods/1532712,올강 디자인 스튜디오,펀칭 퍼프소매 블라우스,"69,000",,https://image.msscdn.net/images/goods_img/20200730/1532712/1532712_1_500.jpg,12,shirt
2652.0,319,https://store.musinsa.com/app/goods/1186783,딜라이디,Ailish ribbon blouse (apricot),"96,000",,https://image.msscdn.net/images/goods_img/20191014/1186783/1186783_1_500.jpg,12,shirt
2653.0,320,https://store.musinsa.com/app/goods/1204358,스튜디오 지,ELLEN BLOUSE_ORANGE,"110,000","88,000",https://image.msscdn.net/images/goods_img/20191028/1204358/1204358_1_500.jpg,12,shirt
2654.0,321,https://store.musinsa.com/app/goods/999060,보연,002 트렌드컬러 오버사이즈셔츠 (ORANGE),"179,000","107,400",https://image.msscdn.net/images/goods_img/20190329/999060/999060_1_500.jpg,12,shirt
2655.0,322,https://store.musinsa.com/app/goods/815041,제이앤몰스,[여름신상]반팔 린넨 셔츠_1807_A95,"39,800","27,860",https://image.msscdn.net/images/goods_img/20180715/815041/815041_1_500.jpg,12,shirt
2656.0,323,https://store.musinsa.com/app/goods/1790698,체이스컬트,여성 린넨 라이크 체크 셔츠-AARG5454B0Q,"59,900","29,900",https://image.msscdn.net/images/goods_img/20210210/1790698/1790698_1_500.jpg,12,shirt
2657.0,324,https://store.musinsa.com/app/goods/1801867,체이스컬트,공용 오버핏 체크 후드 셔츠-AAAU5415B0Q,"79,900","39,900",https://image.msscdn.net/images/goods_img/20210218/1801867/1801867_1_500.jpg,12,shirt
2658.0,325,https://store.musinsa.com/app/goods/1841066,에이본,M/W03 bold check shirts orange,"47,000",,https://image.msscdn.net/images/goods_img/20210312/1841066/1841066_1_500.jpg,12,shirt
2659.0,326,https://store.musinsa.com/app/goods/784544,레꼴로헤,오렌지 &amp; 핑크 스트라이프 셔츠,"74,000","48,000",https://image.msscdn.net/images/goods_img/20180520/784544/784544_1_500.jpg,12,shirt
2660.0,327,https://store.musinsa.com/app/goods/1049166,히로인,체크 프린트 블라우스 HR19SBL02,"248,000",,https://image.msscdn.net/images/goods_img/20190519/1049166/1049166_1_500.jpg,12,shirt
2661.0,328,https://store.musinsa.com/app/goods/997734,보연,007 빅카라 블라우스(ORANGE),"169,000","101,400",https://image.msscdn.net/images/goods_img/20190328/997734/997734_1_500.jpg,12,shirt
2662.0,329,https://store.musinsa.com/app/goods/1386933,피엘라벤,우먼 오빅 라이트 긴팔 셔츠 Ovik Lite Shirt LS W (89980),"129,000","103,200",https://image.msscdn.net/images/goods_img/20200406/1386933/1386933_1_500.jpg,12,shirt
2663.0,330,https://store.musinsa.com/app/goods/1864930,아노니모아노니마,Double-faced Cut Detailed Shirt - Orange,"189,000",,https://image.msscdn.net/images/goods_img/20210326/1864930/1864930_1_500.jpg,12,shirt
2664.0,331,https://store.musinsa.com/app/goods/1922963,아웃도어 리서치,남성 피드백 플란넬 셔츠 UH8LK51B_ORG,"111,200",,https://image.msscdn.net/images/goods_img/20210427/1922963/1922963_1_500.jpg,12,shirt
2665.0,332,https://store.musinsa.com/app/goods/1206835,아웃도어 리서치,남성 피드백 플란넬 셔츠 UH8LK51B_ORG,"139,000","111,200",https://image.msscdn.net/images/goods_img/20191030/1206835/1206835_1_500.jpg,12,shirt
2666.0,333,https://store.musinsa.com/app/goods/1186680,스탠레이,Flannel Shirt - Burnt Orange,"184,000","92,000",https://image.msscdn.net/images/goods_img/20191014/1186680/1186680_1_500.jpg,12,shirt
2667.0,334,https://store.musinsa.com/app/goods/1090570,그로스인벤토리,BIG POCKET OPEN SHIRTS (ORANGE),"69,000","27,600",https://image.msscdn.net/images/goods_img/20190705/1090570/1090570_3_500.jpg,12,shirt
2668.0,335,https://store.musinsa.com/app/goods/1343802,보연,차이나카라 옥스포드 면 스트라이프 셔츠 OG 018,"159,000",,https://image.msscdn.net/images/goods_img/20200310/1343802/1343802_1_500.jpg,12,shirt
2669.0,336,https://store.musinsa.com/app/goods/1028454,엔오티,ORIENTAL LINEN TUNIC SHIRT,"119,000",,https://image.msscdn.net/images/goods_img/20190426/1028454/1028454_1_500.jpg,12,shirt
2670.0,337,https://store.musinsa.com/app/goods/1098046,누보텐,berry pulled shirt,"169,000","118,300",https://image.msscdn.net/images/goods_img/20190718/1098046/1098046_1_500.jpg,12,shirt
2671.0,338,https://store.musinsa.com/app/goods/1513770,노이아고,NOI101 지브라 오버핏 하프 셔츠 (오렌지),"49,000",,https://image.msscdn.net/images/goods_img/20200713/1513770/1513770_1_500.jpg,12,shirt
2672.0,339,https://store.musinsa.com/app/goods/2013594,그리디어스,카툰 홀스 프린트 블라우스,"459,000",,https://image.msscdn.net/images/goods_img/20210629/2013594/2013594_1_500.jpg,12,shirt
2673.0,340,https://store.musinsa.com/app/goods/1506884,라티젠,LTG4 COLOR BLOCK SHIRT(ORANGE),"65,000","58,500",https://image.msscdn.net/images/goods_img/20200706/1506884/1506884_1_500.jpg,12,shirt
2674.0,341,https://store.musinsa.com/app/goods/1276689,유즈드퓨처,TIE DYE SHIRT_ORANGE,"130,000",,https://image.msscdn.net/images/goods_img/20200121/1276689/1276689_1_500.jpg,12,shirt
2675.0,342,https://store.musinsa.com/app/goods/1869176,볼컴,1991 STONE 컴포트핏 반팔셔츠(오렌지),"109,000",,https://image.msscdn.net/images/goods_img/20210330/1869176/1869176_1_500.jpg,12,shirt
2676.0,343,https://store.musinsa.com/app/goods/1513841,노이아고,NOI095 가먼츠 다잉 하프 셔츠 (옐로우),"45,000",,https://image.msscdn.net/images/goods_img/20200713/1513841/1513841_1_500.jpg,12,shirt
2677.0,344,https://store.musinsa.com/app/goods/605188,아파트먼트,Infighter Shirts - Orange,"59,900","35,940",https://image.msscdn.net/images/goods_img/20170818/605188/605188_1_500.jpg,12,shirt
2678.0,345,https://store.musinsa.com/app/goods/1349160,니어앤디어,쉬폰 도트 블라우스,"109,000",,https://image.msscdn.net/images/goods_img/20200312/1349160/1349160_1_500.jpg,12,shirt
2679.0,346,https://store.musinsa.com/app/goods/1570034,페이크 케미컬 클럽,오렌지 플레임 셔츠,"172,000",,https://image.msscdn.net/images/goods_img/20200828/1570034/1570034_1_500.jpg,12,shirt
2680.0,347,https://store.musinsa.com/app/goods/1009347,왓에버위원트,[UNISEX] WAFFLE OPENCOLLAR KNIT [ORNAGE],"72,000","50,400",https://image.msscdn.net/images/goods_img/20190409/1009347/1009347_1_500.jpg,12,shirt
2681.0,348,https://store.musinsa.com/app/goods/2051621,메버릭,린넨 마드라스 셔츠 오렌지,"128,000",,https://image.msscdn.net/images/goods_img/20210806/2051621/2051621_1_500.jpg,12,shirt
2682.0,349,https://store.musinsa.com/app/goods/1678989,블리다,오렌지 선셋 블라우스,"185,000","92,500",https://image.msscdn.net/images/goods_img/20201105/1678989/1678989_1_500.jpg,12,shirt
2683.0,350,https://store.musinsa.com/app/goods/2044014,순수,PETITE FLOWER TOP_TANGERINE,"218,000",,https://image.msscdn.net/images/goods_img/20210729/2044014/2044014_1_500.jpg,12,shirt
2684.0,351,https://store.musinsa.com/app/goods/1005908,아스팔트 킨트,0402 Wind Shirts Orange,"105,000","63,500",https://image.msscdn.net/images/goods_img/20190404/1005908/1005908_1_500.jpg,12,shirt
2685.0,352,https://store.musinsa.com/app/goods/1998951,페이크 케미컬 클럽,오렌지 버닝 패턴 셔츠,"182,000",,https://image.msscdn.net/images/goods_img/20210617/1998951/1998951_1_500.jpg,12,shirt
2686.0,353,https://store.musinsa.com/app/goods/1408311,드베르망,린넨 비치 셔츠(코랄 오렌지),"89,000",,https://image.msscdn.net/images/goods_img/20200417/1408311/1408311_1_500.jpg,12,shirt
2687.0,354,https://store.musinsa.com/app/goods/1118911,코우코우,데이트 스탠드 카라 셔츠_오렌지,"60,000","48,000",https://image.msscdn.net/images/goods_img/20190814/1118911/1118911_1_500.jpg,12,shirt
2688.0,355,https://store.musinsa.com/app/goods/648118,언더에어,Santa Maria Shirts - Orange,"66,400","33,200",https://image.msscdn.net/images/goods_img/20170929/648118/648118_1_500.jpg,12,shirt
2689.0,356,https://store.musinsa.com/app/goods/1973214,막스마라,토레 51910811650 TORRE 008 여자 블라우스,"102,000",,https://image.msscdn.net/images/goods_img/20210528/1973214/1973214_1_500.jpg,12,shirt
2690.0,357,https://store.musinsa.com/app/goods/2151486,마크엠,Artwork Print Check Shirts Orange,"109,000","65,400",https://image.msscdn.net/images/goods_img/20210928/2151486/2151486_2_500.jpg,12,shirt
2691.0,358,https://store.musinsa.com/app/goods/2169011,포르투기스 플란넬,스컬프처 셔츠 - 라이즈,"138,000",,https://image.msscdn.net/images/goods_img/20211008/2169011/2169011_1_500.jpg,12,shirt
2692.0,359,https://store.musinsa.com/app/goods/2171229,보연,바이오 코튼 오버핏 시그니쳐셔츠 오렌지 022,"188,000","178,600",https://image.msscdn.net/images/goods_img/20211008/2171229/2171229_1_500.jpg,12,shirt
2693.0,360,https://store.musinsa.com/app/goods/2310564,미스테리 피플 리서치,코튼 베이직 드레스 셔츠 ( YELLOW ),"84,000","71,400",https://image.msscdn.net/images/goods_img/20220117/2310564/2310564_1_500.jpg,9,shirt
2694.0,361,https://store.musinsa.com/app/goods/2302002,리시드,프린팅 블라우스 [yellow],"108,000",,https://image.msscdn.net/images/goods_img/20220111/2302002/2302002_1_500.jpg,9,shirt
2695.0,362,https://store.musinsa.com/app/goods/2288035,리올그,KACK FLORAL PATTERN COLLAR BLOUSE YELLOW,"119,000","107,100",https://image.msscdn.net/images/goods_img/20211231/2288035/2288035_1_500.jpg,9,shirt
2696.0,363,https://store.musinsa.com/app/goods/2287013,스파오,[데일리지] 코튼 오버핏 셔츠_SPYWC23G01,"29,900",,https://image.msscdn.net/images/goods_img/20211230/2287013/2287013_11_500.jpg,9,shirt
2697.0,364,https://store.musinsa.com/app/goods/2047952,필루미네이트,시티보이 베이직 옥스퍼드 셔츠-옐로우,"45,000","32,900",https://image.msscdn.net/images/goods_img/20210803/2047952/2047952_2_500.jpg,9,shirt
2698.0,365,https://store.musinsa.com/app/goods/1116302,로맨틱크라운,21C BOYS RUGBY SHIRT_YELLOW,"62,000","37,200",https://image.msscdn.net/images/goods_img/20190812/1116302/1116302_1_500.jpg,9,shirt
2699.0,366,https://store.musinsa.com/app/goods/995243,퍼스텝,피그먼트 루즈핏 셔츠 연노랑 SMLS4058,"38,900","36,900",https://image.msscdn.net/images/goods_img/20190326/995243/995243_3_500.jpg,9,shirt
2700.0,367,https://store.musinsa.com/app/goods/1559284,더셔츠스튜디오,옐로우 루즈핏 면혼방 옥스포드 버튼다운 셔츠,"21,800",,https://image.msscdn.net/images/goods_img/20200821/1559284/1559284_2_500.jpg,9,shirt
2701.0,368,https://store.musinsa.com/app/goods/970310,[클리어런스],화이트 라인 체크 셔츠_옐로우,"49,900","11,900",https://image.msscdn.net/images/goods_img/20190304/970310/970310_1_500.jpg,9,shirt
2702.0,369,https://store.musinsa.com/app/goods/932158,[클리어런스],헤비오버핏 체크 사이드 절개 옐로우 셔츠,"98,000","28,900",https://image.msscdn.net/images/goods_img/20190111/932158/932158_1_500.jpg,9,shirt
2703.0,370,https://store.musinsa.com/app/goods/1623571,[클리어런스],SERDIN SHIRTS - YELLOW,"67,000","19,900",https://image.msscdn.net/images/goods_img/20200924/1623571/1623571_1_500.jpg,9,shirt
2704.0,371,https://store.musinsa.com/app/goods/986357,[클리어런스],Danae Shirts - Yellow,"39,000","10,900",https://image.msscdn.net/images/goods_img/20190318/986357/986357_1_500.jpg,9,shirt
2705.0,372,https://store.musinsa.com/app/goods/958046,퍼블릭아이콘,T[3002]사이드 포켓 와이드 롱셔츠(옐로우),"72,000","19,000",https://image.msscdn.net/images/goods_img/20190219/958046/958046_1_500.jpg,9,shirt
2706.0,373,https://store.musinsa.com/app/goods/2171629,[클리어런스],MOONLIGHT SHIRTS - YELLOW,"86,400","25,900",https://image.msscdn.net/images/goods_img/20211011/2171629/2171629_1_500.jpg,9,shirt
2707.0,374,https://store.musinsa.com/app/goods/2041456,타미진스,체크 집업 오버셔츠 (T32B6WSH18TMT1KBL),"168,000","117,600",https://image.msscdn.net/images/goods_img/20210727/2041456/2041456_1_500.jpg,9,shirt
2708.0,375,https://store.musinsa.com/app/goods/1623562,[클리어런스],HILBERK SHIRTS - YELLOW,"67,000","19,900",https://image.msscdn.net/images/goods_img/20200924/1623562/1623562_1_500.jpg,9,shirt
2709.0,376,https://store.musinsa.com/app/goods/1821744,메종미네드,SMALL LOGO STRIPE SHIRTS YELLOW,"99,000","39,600",https://image.msscdn.net/images/goods_img/20210302/1821744/1821744_1_500.jpg,9,shirt
2710.0,377,https://store.musinsa.com/app/goods/1177978,로맨틱크라운,CORDUROY WIDE SHIRT_YELLOW,"78,000","46,800",https://image.msscdn.net/images/goods_img/20191007/1177978/1177978_1_500.jpg,9,shirt
2711.0,378,https://store.musinsa.com/app/goods/2085649,마크엠,Solid Point Embroidery Shirts Yellow,"99,000","59,400",https://image.msscdn.net/images/goods_img/20210825/2085649/2085649_2_500.jpg,9,shirt
2712.0,379,https://store.musinsa.com/app/goods/1128260,미드나잇 무브,[unisex] neck shirts (mustard),"72,000","57,600",https://image.msscdn.net/images/goods_img/20190825/1128260/1128260_1_500.jpg,9,shirt
2713.0,380,https://store.musinsa.com/app/goods/998984,디아프바인,DV. LOT589 ALOHA SHIRTS -YELLOW-,"128,000","72,000",https://image.msscdn.net/images/goods_img/20190329/998984/998984_1_500.jpg,9,shirt
2714.0,381,https://store.musinsa.com/app/goods/1386350,시디스콤마,SOUND WAVE SHIRTS(YELLOW),"69,000","11,900",https://image.msscdn.net/images/goods_img/20200406/1386350/1386350_2_500.jpg,9,shirt
2715.0,382,https://store.musinsa.com/app/goods/1175377,이모션플래닛,하프 엔 하프 체크 플란넬 셔츠 (머스타드),"72,000","32,400",https://image.msscdn.net/images/goods_img/20191002/1175377/1175377_2_500.jpg,9,shirt
2716.0,383,https://store.musinsa.com/app/goods/1623754,배드인배드,BAD FLEECE SHIRT_YELLOW,"94,000","47,000",https://image.msscdn.net/images/goods_img/20200924/1623754/1623754_2_500.jpg,9,shirt
2717.0,384,https://store.musinsa.com/app/goods/2016631,예일,(BROWN OC MADE)THE BIG OXFORD YELLOW,"69,000","41,400",https://image.msscdn.net/images/goods_img/20210701/2016631/2016631_2_500.jpg,9,shirt
2718.0,385,https://store.musinsa.com/app/goods/1900236,필루미네이트,레귤러핏 마리화나 로고 셔츠-옐로우,"45,000","27,000",https://image.msscdn.net/images/goods_img/20210415/1900236/1900236_2_500.jpg,9,shirt
2719.0,386,https://store.musinsa.com/app/goods/478879,언더에어,Faded Blanket Shirts - Mustard,"42,000","29,400",https://image.msscdn.net/images/goods_img/20170206/478879/478879_1_500.jpg,9,shirt
2720.0,387,https://store.musinsa.com/app/goods/1158925,티떠블유엔,노튼웜 셔츠 회색노랑 STLS3212,"42,000","27,300",https://image.msscdn.net/images/goods_img/20190919/1158925/1158925_1_500.jpg,9,shirt
2721.0,388,https://store.musinsa.com/app/goods/1601628,치키타,CW20-3 체크 라운드 칼라 셔츠 옐로우 CW203SH05YL,"98,000",,https://image.msscdn.net/images/goods_img/20200914/1601628/1601628_1_500.jpg,9,shirt
2722.0,389,https://store.musinsa.com/app/goods/2141367,명제작소,루즈핏 빅퍼튼 셔츠 [옐로우],"69,000","31,050",https://image.msscdn.net/images/goods_img/20210918/2141367/2141367_1_500.jpg,9,shirt
2723.0,390,https://store.musinsa.com/app/goods/1848826,폴로 랄프 로렌,커스텀핏 옥스포드 셔츠 - 옐로우,"179,000",,https://image.msscdn.net/images/goods_img/20210317/1848826/1848826_1_500.jpg,9,shirt
2724.0,391,https://store.musinsa.com/app/goods/1128689,아카이브먼츠,아카이브 플라넬 셔츠 (옐로),"64,000","25,000",https://image.msscdn.net/images/goods_img/20190826/1128689/1128689_2_500.jpg,9,shirt
2725.0,392,https://store.musinsa.com/app/goods/1057481,레이디 볼륨,linen color shirt_yellow,"44,000","30,800",https://image.msscdn.net/images/goods_img/20190528/1057481/1057481_1_500.jpg,9,shirt
2726.0,393,https://store.musinsa.com/app/goods/1004367,크리틱,TWO FACE 반팔 셔츠 Yellow,"69,000","41,400",https://image.msscdn.net/images/goods_img/20190403/1004367/1004367_1_500.jpg,9,shirt
2727.0,394,https://store.musinsa.com/app/goods/1937981,커스텀어클락,롤업 린넨 코튼 반팔 셔츠 옐로우 COOSSH167YELLOW,"49,000","44,000",https://image.msscdn.net/images/goods_img/20210506/1937981/1937981_1_500.jpg,9,shirt
2728.0,395,https://store.musinsa.com/app/goods/1803786,디스이즈네버댓,MI-Logo Striped Shirt Yellow,"89,000","44,500",https://image.msscdn.net/images/goods_img/20210219/1803786/1803786_1_500.jpg,9,shirt
2729.0,396,https://store.musinsa.com/app/goods/582993,모던에이블,핑크 플라워 패턴 블라우스 - 옐로우,"68,400",,https://image.msscdn.net/images/goods_img/20170626/582993/582993_1_500.jpg,9,shirt
2730.0,397,https://store.musinsa.com/app/goods/1682440,코닥,메일러 패딩 셔츠 자켓 YELLOW,"169,000","118,300",https://image.msscdn.net/images/goods_img/20201109/1682440/1682440_1_500.jpg,9,shirt
2731.0,398,https://store.musinsa.com/app/goods/533135,아파트먼트,Broken Usual Shirts - Mustard,"63,000","25,200",https://image.msscdn.net/images/goods_img/20170404/533135/533135_2_500.jpg,9,shirt
2732.0,399,https://store.musinsa.com/app/goods/1623569,[클리어런스],LEGOB SHIRTS - YELLOW,"67,000","19,900",https://image.msscdn.net/images/goods_img/20200924/1623569/1623569_1_500.jpg,9,shirt
2733.0,400,https://store.musinsa.com/app/goods/986359,[클리어런스],Sauve Shirts - Yellow,"39,000","10,900",https://image.msscdn.net/images/goods_img/20190318/986359/986359_1_500.jpg,9,shirt
2734.0,401,https://store.musinsa.com/app/goods/1059754,바이바이섭,POINT COLLAR YELLOW,"62,000","49,600",https://image.msscdn.net/images/goods_img/20190530/1059754/1059754_4_500.jpg,9,shirt
2735.0,402,https://store.musinsa.com/app/goods/970301,[클리어런스],블럭 라인 셔츠_옐로우,"49,900","14,900",https://image.msscdn.net/images/goods_img/20190304/970301/970301_1_500.jpg,9,shirt
2736.0,403,https://store.musinsa.com/app/goods/2056346,키뮤어,[링클리스] 오버핏 옥스포드 솔리드 박스셔츠 / 옐로우,"47,000","35,900",https://image.msscdn.net/images/goods_img/20210810/2056346/2056346_2_500.jpg,9,shirt
2737.0,404,https://store.musinsa.com/app/goods/539946,아파트먼트,Basic Logo Work Shirts - Mustard,"63,000","25,200",https://image.msscdn.net/images/goods_img/20170417/539946/539946_1_500.jpg,9,shirt
2738.0,405,https://store.musinsa.com/app/goods/1646527,로라로라,(BL-20711) CHECK FRILL SAILOR BLOUSE YELLOW,"95,000","66,500",https://image.msscdn.net/images/goods_img/20201013/1646527/1646527_2_500.jpg,9,shirt
2739.0,406,https://store.musinsa.com/app/goods/1031374,미드나잇 무브,[unisex] 로고 셔츠 (light yellow),"65,000","39,000",https://image.msscdn.net/images/goods_img/20190430/1031374/1031374_1_500.jpg,9,shirt
2740.0,407,https://store.musinsa.com/app/goods/1919665,커스텀어클락,롤업 반팔 셔츠 옐로우 COOSSH161YELLOW,"49,000","44,000",https://image.msscdn.net/images/goods_img/20210426/1919665/1919665_3_500.jpg,9,shirt
2741.0,408,https://store.musinsa.com/app/goods/785669,토마스 베일리,버튼다운 옥스포드 셔츠 옐로우 1THTHC1MSU154,"35,000",,https://image.msscdn.net/images/goods_img/20180523/785669/785669_1_500.jpg,9,shirt
2742.0,409,https://store.musinsa.com/app/goods/625783,언더에어,Santa Maria Shirts - Yellow,"66,400","33,200",https://image.msscdn.net/images/goods_img/20170906/625783/625783_1_500.jpg,9,shirt
2743.0,410,https://store.musinsa.com/app/goods/962381,트렁크프로젝트,더블 레이어드 셔츠_옐로우,"152,000","106,400",https://image.msscdn.net/images/goods_img/20190222/962381/962381_1_500.jpg,9,shirt
2744.0,411,https://store.musinsa.com/app/goods/1066061,굿라이프웍스,크랙 워시드 하와이안 하프 셔츠 옐로우,"39,800","31,800",https://image.msscdn.net/images/goods_img/20190607/1066061/1066061_6_500.jpg,9,shirt
2745.0,412,https://store.musinsa.com/app/goods/805706,바이바이섭,FRILL BLOUSE YELLOW,"62,000","43,400",https://image.msscdn.net/images/goods_img/20180622/805706/805706_1_500.jpg,9,shirt
2746.0,413,https://store.musinsa.com/app/goods/764995,아임낫어휴먼비잉,NOT A HUMANBEING HAWAIIAN SHIRTS - YELLOW,"69,000",,https://image.msscdn.net/images/goods_img/20180425/764995/764995_1_500.jpg,9,shirt
2747.0,414,https://store.musinsa.com/app/goods/1300090,[클리어런스],Overfit double check shirt_yellow,"55,500","15,900",https://image.msscdn.net/images/goods_img/20200211/1300090/1300090_1_500.jpg,9,shirt
2748.0,415,https://store.musinsa.com/app/goods/981905,로라로라,(BL-19311) UNBALANCE CHECK SHIRT YELLOW,"69,000","62,100",https://image.msscdn.net/images/goods_img/20190313/981905/981905_2_500.jpg,9,shirt
2749.0,416,https://store.musinsa.com/app/goods/1920072,굿라이프웍스,오버사이즈 코튼 페이브릭 셔츠 옐로우,"49,000","39,200",https://image.msscdn.net/images/goods_img/20210426/1920072/1920072_2_500.jpg,9,shirt
2750.0,417,https://store.musinsa.com/app/goods/2008143,클라비스,V넥 벨티드 블라우스 (2colors) CVBWB3704M,"49,900","29,900",https://image.msscdn.net/images/goods_img/20210624/2008143/2008143_1_500.jpg,9,shirt
2751.0,418,https://store.musinsa.com/app/goods/630229,[클리어런스],Remocure Shirts - Mustard,"59,900","17,900",https://image.msscdn.net/images/goods_img/20170912/630229/630229_1_500.jpg,9,shirt
2752.0,419,https://store.musinsa.com/app/goods/1057731,[클리어런스],NOT 텐셀 린넨 브이넥 튜닉 - 아보카도,"77,000","22,900",https://image.msscdn.net/images/goods_img/20190528/1057731/1057731_2_500.jpg,9,shirt
2753.0,420,https://store.musinsa.com/app/goods/1873338,와이케이,타이다이 돌핀 자수 반팔 셔츠 옐로우,"83,000","58,100",https://image.msscdn.net/images/goods_img/20210331/1873338/1873338_1_500.jpg,9,shirt
2754.0,421,https://store.musinsa.com/app/goods/1890872,로라로라,(BL-21313) FLOWER PATTERN SMOKING BLOUSE MULTI,"59,000","53,100",https://image.msscdn.net/images/goods_img/20210409/1890872/1890872_2_500.jpg,9,shirt
2755.0,422,https://store.musinsa.com/app/goods/986365,[클리어런스],Paysage Shirts - Yellow,"56,400","16,900",https://image.msscdn.net/images/goods_img/20190318/986365/986365_1_500.jpg,9,shirt
2756.0,423,https://store.musinsa.com/app/goods/625521,마크메이트,빅사이즈~130까지 옐로우허슬 소프트 기모셔츠_DL_G17,"32,000",,https://image.msscdn.net/images/goods_img/20170906/625521/625521_1_500.jpg,9,shirt
2757.0,424,https://store.musinsa.com/app/goods/437909,언더에어,Magnetic Field - Mustard,"66,400","26,560",https://image.msscdn.net/images/goods_img/20161028/437909/437909_1_500.jpg,9,shirt
2758.0,425,https://store.musinsa.com/app/goods/982293,발란트,타탄 플래드 체크 스트레이트 셔츠 - 옐로우,"89,000","80,100",https://image.msscdn.net/images/goods_img/20190314/982293/982293_1_500.jpg,9,shirt
2759.0,426,https://store.musinsa.com/app/goods/2164673,인스턴트펑크,21FW Ms 코듀로이 카라 체크 셔츠 - 옐로우,"198,000","158,400",https://image.msscdn.net/images/goods_img/20211006/2164673/2164673_1_500.jpg,9,shirt
2760.0,427,https://store.musinsa.com/app/goods/848412,[클리어런스],오픈칼라 히든 긴팔셔츠 옐로우,"59,000","16,900",https://image.msscdn.net/images/goods_img/20180905/848412/848412_1_500.jpg,9,shirt
2761.0,428,https://store.musinsa.com/app/goods/1474582,굿라이프웍스,하와이안 파인 하프 셔츠 옐로우,"42,500","34,000",https://image.msscdn.net/images/goods_img/20200605/1474582/1474582_6_500.jpg,9,shirt
2762.0,429,https://store.musinsa.com/app/goods/534736,아파트먼트,Popping Star Shirts - Yellow,"42,000","25,200",https://image.msscdn.net/images/goods_img/20170406/534736/534736_1_500.jpg,9,shirt
2763.0,430,https://store.musinsa.com/app/goods/2072406,파츠,빅 옥스포드 셔츠 [옐로우],"66,000","36,500",https://image.msscdn.net/images/goods_img/20210819/2072406/2072406_2_500.jpg,9,shirt
2764.0,431,https://store.musinsa.com/app/goods/812071,노블클로즈,컬러 프린트 셔츠(라임),"89,000","44,500",https://image.msscdn.net/images/goods_img/20180706/812071/812071_1_500.jpg,9,shirt
2765.0,432,https://store.musinsa.com/app/goods/1885739,위캔더스,BASIC SS SHIRTS (YELLOW),"79,000","47,400",https://image.msscdn.net/images/goods_img/20210407/1885739/1885739_1_500.jpg,9,shirt
2766.0,433,https://store.musinsa.com/app/goods/959261,어텐션로우,크로스오버 체크 셔츠(옐로우),"135,000","81,000",https://image.msscdn.net/images/goods_img/20190220/959261/959261_2_500.jpg,9,shirt
2767.0,434,https://store.musinsa.com/app/goods/1835014,간트,DG72110022 3011070 프레피 옥스포드 셔츠 SS YELLOW,"158,000","79,000",https://image.msscdn.net/images/goods_img/20210309/1835014/1835014_1_500.jpg,9,shirt
2768.0,435,https://store.musinsa.com/app/goods/1094283,마레,에센셜 포켓 쿨 셔츠 (머스타드),"59,000",,https://image.msscdn.net/images/goods_img/20190711/1094283/1094283_1_500.jpg,9,shirt
2769.0,436,https://store.musinsa.com/app/goods/1926465,엽페,FLOWER PRINT SHIRT_YELLOW,"69,000","58,650",https://image.msscdn.net/images/goods_img/20210428/1926465/1926465_1_500.jpg,9,shirt
2770.0,437,https://store.musinsa.com/app/goods/1336518,레이브,Frill Short Sleeve Blouse in Yellow_VW0SB1170,"108,000",,https://image.msscdn.net/images/goods_img/20200305/1336518/1336518_2_500.jpg,9,shirt
2771.0,438,https://store.musinsa.com/app/goods/1018239,[클리어런스],Miami Vice Open Collar SSLV Shirt light yellow G9M4S430 31,"66,000","19,900",https://image.msscdn.net/images/goods_img/20190418/1018239/1018239_1_500.jpg,9,shirt
2772.0,439,https://store.musinsa.com/app/goods/1462948,치키타,CW20-2 꽃 ST 셔츠 (4부) #옐로우,"93,000",,https://image.msscdn.net/images/goods_img/20200526/1462948/1462948_1_500.jpg,9,shirt
2773.0,440,https://store.musinsa.com/app/goods/1936000,엔오르,TIE DYE V NECK SHIRT - YELLOW,"128,000",,https://image.msscdn.net/images/goods_img/20210504/1936000/1936000_1_500.jpg,9,shirt
2774.0,441,https://store.musinsa.com/app/goods/1027283,비앙쉬르,스트링 옥스포드 셔츠,"69,000",,https://image.msscdn.net/images/goods_img/20190425/1027283/1027283_1_500.jpg,9,shirt
2775.0,442,https://store.musinsa.com/app/goods/1149613,더 베리 띵,T/loose fit leopard blouse_MT,"49,000","34,300",https://image.msscdn.net/images/goods_img/20190910/1149613/1149613_1_500.jpg,9,shirt
2776.0,443,https://store.musinsa.com/app/goods/1856135,시디스콤마,FONT  HALF SHIRTS(YELLOW),"59,000","19,900",https://image.msscdn.net/images/goods_img/20210322/1856135/1856135_1_500.jpg,9,shirt
2777.0,444,https://store.musinsa.com/app/goods/1670282,테이크이지,피어 체크 오버셔츠(옐로우),"67,000","33,500",https://image.msscdn.net/images/goods_img/20201030/1670282/1670282_1_500.jpg,9,shirt
2778.0,445,https://store.musinsa.com/app/goods/1136890,비에이블투,체크 프릴 셔츠 (옐로우),"94,000","75,200",https://image.msscdn.net/images/goods_img/20190830/1136890/1136890_1_500.jpg,9,shirt
2779.0,446,https://store.musinsa.com/app/goods/1787762,콰이어티스트,니트 포켓 체크 셔츠 (yellow),"75,000","45,000",https://image.msscdn.net/images/goods_img/20210209/1787762/1787762_1_500.jpg,9,shirt
2780.0,447,https://store.musinsa.com/app/goods/1048428,페플,OX러프 반팔셔츠 겨자 JHSS1175,"37,900",,https://image.msscdn.net/images/goods_img/20190517/1048428/1048428_1_500.jpg,9,shirt
2781.0,448,https://store.musinsa.com/app/goods/739123,언더에어,Rockallite Shirts - Yellow,"33,000","19,800",https://image.msscdn.net/images/goods_img/20180320/739123/739123_1_500.jpg,9,shirt
2782.0,449,https://store.musinsa.com/app/goods/1936598,우아,자스민 블라우스 (노랑),"52,000","41,600",https://image.msscdn.net/images/goods_img/20210504/1936598/1936598_1_500.jpg,9,shirt
2783.0,450,https://store.musinsa.com/app/goods/1116155,다이아몬드 레이라,[오늘만이가격] 헤링본 클래식 체크 셔츠 S41,"69,000",,https://image.msscdn.net/images/goods_img/20190812/1116155/1116155_3_500.jpg,6,shirt
2784.0,451,https://store.musinsa.com/app/goods/1103797,레이디 볼륨,[ 남/여] Overfit vintage check shirt_green,"44,000","35,200",https://image.msscdn.net/images/goods_img/20190726/1103797/1103797_2_500.jpg,6,shirt
2785.0,452,https://store.musinsa.com/app/goods/2315800,빈폴 멘,[ESSENTIAL] [SLIM] Unisex 그린 로고 자수 깅엄 체크 셔츠 (BC2164A03M),"159,000",,https://image.msscdn.net/images/goods_img/20220119/2315800/2315800_1_500.jpg,6,shirt
2786.0,453,https://store.musinsa.com/app/goods/2314479,에잇세컨즈,라이트 그린 약기모 절개 셔츠_릴랙스핏 (212164AY1L),"49,900",,https://image.msscdn.net/images/goods_img/20220119/2314479/2314479_1_500.jpg,6,shirt
2787.0,454,https://store.musinsa.com/app/goods/2313210,마리끌레르,데일리 루즈핏 셔츠 (MABBSH08M7),"39,000",,https://image.msscdn.net/images/goods_img/20220118/2313210/2313210_1_500.jpg,6,shirt
2788.0,455,https://store.musinsa.com/app/goods/2308858,빈폴 멘,[ESSENTIAL] [REGULAR] Unisex 그린 옥스포드 1도 스트라이프 셔츠 (BC2164C01M),"159,000",,https://image.msscdn.net/images/goods_img/20220114/2308858/2308858_1_500.jpg,6,shirt
2789.0,456,https://store.musinsa.com/app/goods/2304976,볼컴,DYEING 포켓 오버핏 긴팔 셔츠(그린),"129,000",,https://image.msscdn.net/images/goods_img/20220112/2304976/2304976_2_500.jpg,6,shirt
2790.0,457,https://store.musinsa.com/app/goods/2302864,에잇세컨즈,그린 코튼 타탄 체크 셔츠_릴랙스핏 (262164CY2M),"39,900",,https://image.msscdn.net/images/goods_img/20220112/2302864/2302864_1_500.jpg,6,shirt
2791.0,458,https://store.musinsa.com/app/goods/2302862,에잇세컨즈,그린 멀티 체크 등판 바서티 프린트 셔츠_오버핏 (262164CY1M),"49,900",,https://image.msscdn.net/images/goods_img/20220112/2302862/2302862_1_500.jpg,6,shirt
2792.0,459,https://store.musinsa.com/app/goods/606678,필루미네이트,[리뉴얼]스테디 와이드 체크 셔츠-그린,"43,000","30,100",https://image.msscdn.net/images/goods_img/20170822/606678/606678_4_500.jpg,6,shirt
2793.0,460,https://store.musinsa.com/app/goods/2311200,드베르망,블랙 와치 플란넬 셔츠,"89,000",,https://image.msscdn.net/images/goods_img/20220117/2311200/2311200_1_500.jpg,6,shirt
2794.0,461,https://store.musinsa.com/app/goods/2308330,스케이터락,SK8 타탄 체크 셔츠 그린,"54,000","38,880",https://image.msscdn.net/images/goods_img/20220114/2308330/2308330_1_500.jpg,6,shirt
2795.0,462,https://store.musinsa.com/app/goods/1402738,어반드레스,SPRING OVERSIZED SHIRT GREEN,"36,000","27,000",https://image.msscdn.net/images/goods_img/20200413/1402738/1402738_4_500.jpg,6,shirt
2796.0,463,https://store.musinsa.com/app/goods/2316985,샤인온유,FLOWER  PRINT SLEEVE RUFFLE BLOUSE_GREEN,"56,000",,https://image.msscdn.net/images/goods_img/20220120/2316985/2316985_1_500.jpg,6,shirt
2797.0,464,https://store.musinsa.com/app/goods/1201041,무신사 스탠다드,릴렉스 핏 실키 셔츠 [더스티 민트],"23,900","16,690",https://image.msscdn.net/images/goods_img/20191024/1201041/1201041_1_500.jpg,6,shirt
2798.0,465,https://store.musinsa.com/app/goods/2299356,프로드셔츠,[레귤러] D-300 옥스퍼드 셔츠 (그린),"98,000","88,200",https://image.msscdn.net/images/goods_img/20220110/2299356/2299356_1_500.jpg,6,shirt
2799.0,466,https://store.musinsa.com/app/goods/375877,쟈니웨스트,CXL Summer Shirt (Forest Green),"38,000","34,200",https://image.msscdn.net/images/goods_img/20160624/375877/375877_1_500.jpg,6,shirt
2800.0,467,https://store.musinsa.com/app/goods/1893854,다이아몬드 레이라,[오늘만이가격] 리뉴얼 그린 체크 셔츠 S77,"48,000","42,000",https://image.msscdn.net/images/goods_img/20210412/1893854/1893854_2_500.jpg,6,shirt
2801.0,468,https://store.musinsa.com/app/goods/2223935,쟈니웨스트,Corduroy Loose.Fit Shirts (Deep.Green),"49,000","46,550",https://image.msscdn.net/images/goods_img/20211109/2223935/2223935_1_500.jpg,6,shirt
2802.0,469,https://store.musinsa.com/app/goods/1066473,에스에스와이,하프 앤 하프 1/2 셔츠 스퀘어 오렌지,"79,000","39,000",https://image.msscdn.net/images/goods_img/20190607/1066473/1066473_1_500.jpg,6,shirt
2803.0,470,https://store.musinsa.com/app/goods/2054502,마크 곤잘레스,엔젤 와펜 체크 셔츠 그린,"69,000","48,300",https://image.msscdn.net/images/goods_img/20210809/2054502/2054502_1_500.jpg,6,shirt
2804.0,471,https://store.musinsa.com/app/goods/2285462,스토레츠,Maria Oversized Plisse Shirt,"88,000",,https://image.msscdn.net/images/goods_img/20211229/2285462/2285462_2_500.jpg,6,shirt
2805.0,472,https://store.musinsa.com/app/goods/2096679,필루미네이트,시티보이 믹스 컬러 체크 셔츠-그린,"45,000","32,900",https://image.msscdn.net/images/goods_img/20210830/2096679/2096679_1_500.jpg,6,shirt
2806.0,473,https://store.musinsa.com/app/goods/2090655,레이디 볼륨,오버핏 플레이드 셔츠_그린,"45,000","33,750",https://image.msscdn.net/images/goods_img/20210826/2090655/2090655_3_500.jpg,6,shirt
2807.0,474,https://store.musinsa.com/app/goods/2057481,테이크이지,플레이드 체크 오버셔츠(그린/네이비),"67,000","40,200",https://image.msscdn.net/images/goods_img/20210811/2057481/2057481_1_500.jpg,6,shirt
2808.0,475,https://store.musinsa.com/app/goods/559203,퍼스텝,피그먼트 루즈핏 반팔 셔츠 수박 SMSS4079,"34,900",,https://image.msscdn.net/images/goods_img/20170518/559203/559203_4_500.jpg,6,shirt
2809.0,476,https://store.musinsa.com/app/goods/1538191,마크 곤잘레스,엔젤 와펜 셔츠 그린,"69,000","48,300",https://image.msscdn.net/images/goods_img/20200805/1538191/1538191_1_500.jpg,6,shirt
2810.0,477,https://store.musinsa.com/app/goods/2075035,에잇세컨즈,애플 그린 깅엄 체크 코튼 파자마 셔츠 (321864LH3K),"29,900","19,900",https://image.msscdn.net/images/goods_img/20210820/2075035/2075035_2_500.jpg,6,shirt
2811.0,478,https://store.musinsa.com/app/goods/2068249,폴로 랄프 로렌,커스텀핏 가먼트 다이 옥스포드 셔츠 - 그린,"179,000",,https://image.msscdn.net/images/goods_img/20210818/2068249/2068249_1_500.jpg,6,shirt
2812.0,479,https://store.musinsa.com/app/goods/1388213,마크엠,Baby Baby Baby Tartan Check Shirts GR,"105,000",,https://image.msscdn.net/images/goods_img/20200407/1388213/1388213_1_500.jpg,6,shirt
2813.0,480,https://store.musinsa.com/app/goods/950692,제멋,제니 오버핏 셔츠 카키 YHLS2185,"34,900","27,900",https://image.msscdn.net/images/goods_img/20190212/950692/950692_3_500.jpg,6,shirt
2814.0,481,https://store.musinsa.com/app/goods/533137,아파트먼트,Broken Usual Shirts - Green,"63,000","25,200",https://image.msscdn.net/images/goods_img/20170404/533137/533137_2_500.jpg,6,shirt
2815.0,482,https://store.musinsa.com/app/goods/1642920,[클리어런스],브런즈 윅 코듀로이 셔츠 (브리티쉬 그린),"99,000","28,900",https://image.msscdn.net/images/goods_img/20201012/1642920/1642920_1_500.jpg,6,shirt
2816.0,483,https://store.musinsa.com/app/goods/2046521,필루미네이트,[리뉴얼]스테디 웨이브 체크 셔츠-그린,"43,000","30,100",https://image.msscdn.net/images/goods_img/20210802/2046521/2046521_1_500.jpg,6,shirt
2817.0,484,https://store.musinsa.com/app/goods/1944241,더블유브이프로젝트,앤 라이프 체크 반팔셔츠 그린 MJSS7486,"35,900",,https://image.msscdn.net/images/goods_img/20210511/1944241/1944241_1_500.jpg,6,shirt
2818.0,485,https://store.musinsa.com/app/goods/1552835,유니폼브릿지,all weather relax cotton shirts green,"78,000","62,500",https://image.msscdn.net/images/goods_img/20200818/1552835/1552835_5_500.jpg,6,shirt
2819.0,486,https://store.musinsa.com/app/goods/2100002,5252 바이 오아이오아이,BASIC PATCH OXFORD SHIRTS [MELON],"89,000","62,300",https://image.msscdn.net/images/goods_img/20210831/2100002/2100002_1_500.png,6,shirt
2820.0,487,https://store.musinsa.com/app/goods/2057504,테이크이지,빈티지 체크 오버셔츠(그린),"67,000","40,200",https://image.msscdn.net/images/goods_img/20210811/2057504/2057504_1_500.jpg,6,shirt
2821.0,488,https://store.musinsa.com/app/goods/1561698,더셔츠스튜디오,그린 오버핏 면 체크 남방,"21,800",,https://image.msscdn.net/images/goods_img/20200824/1561698/1561698_2_500.jpg,6,shirt
2822.0,489,https://store.musinsa.com/app/goods/1617671,메리제임스,GAOBAN SHIRTS - GREEN,"63,000","25,200",https://image.msscdn.net/images/goods_img/20200922/1617671/1617671_1_500.jpg,6,shirt
2823.0,490,https://store.musinsa.com/app/goods/2156589,로맨틱크라운,데님 체크 셔츠_그린,"84,000","58,800",https://image.msscdn.net/images/goods_img/20210930/2156589/2156589_2_500.jpg,6,shirt
2824.0,491,https://store.musinsa.com/app/goods/1022791,프리즘웍스,OG DOBBY WEAVE SEERSUCKER SHIRT _ OLIVE,"54,000","32,400",https://image.msscdn.net/images/goods_img/20190422/1022791/1022791_5_500.jpg,6,shirt
2825.0,492,https://store.musinsa.com/app/goods/607705,크리틱,COLOR BLOCK 셔츠 Green,"89,000","44,500",https://image.msscdn.net/images/goods_img/20170823/607705/607705_1_500.jpg,6,shirt
2826.0,493,https://store.musinsa.com/app/goods/1007957,비슬로우,19SS OVERSIZED BANDED COLLAR SHIRT OLIVE,"69,000","27,600",https://image.msscdn.net/images/goods_img/20190408/1007957/1007957_1_500.jpg,6,shirt
2827.0,494,https://store.musinsa.com/app/goods/1805972,필루미네이트,오버핏 어템트 체크 셔츠-그린,"43,000","30,100",https://image.msscdn.net/images/goods_img/20210219/1805972/1805972_2_500.jpg,6,shirt
2828.0,495,https://store.musinsa.com/app/goods/2100005,5252 바이 오아이오아이,BASIC PATCH OXFORD SHIRTS [PINK],"89,000","62,300",https://image.msscdn.net/images/goods_img/20210831/2100005/2100005_1_500.png,6,shirt
2829.0,496,https://store.musinsa.com/app/goods/127936,로스코,ROTHCO EXTRA HEAVYWEIGHT FLANNEL SHIRTS (4color),"69,300",,https://image.msscdn.net/images/goods_img/20141002/127936/127936_2_500.jpg,6,shirt
2830.0,497,https://store.musinsa.com/app/goods/2131003,골드퍼센트,베이직 기본핏 원버튼 셔츠(그린),"43,500",,https://image.msscdn.net/images/goods_img/20210914/2131003/2131003_1_500.jpg,6,shirt
2831.0,498,https://store.musinsa.com/app/goods/1942433,로맨틱크라운,아무르 타이거 셔츠_그린,"68,000","47,600",https://image.msscdn.net/images/goods_img/20210510/1942433/1942433_1_500.jpg,6,shirt
